review_id,source,created_date,review_content,rating,author_masked,product_category
PLAY_gmarket_000000,google_play,2026-02-07,광고보고 들어왔다 ㅋㅋㅋㅋㅋㅋ,5,이**,지마켓
PLAY_gmarket_000001,google_play,2026-02-07,광고 보고 다시 다운로드합니다. 이정도면 안살수가 없네요.,5,최**,지마켓
PLAY_gmarket_000003,google_play,2026-02-07,좋은제품 쿠폰으로 잘 구매해서 좋아요,5,등****,지마켓
PLAY_gmarket_000004,google_play,2026-02-07,광고때메 웃겨서 깔음. 광고 기획자분들 월급 올려줘야할듯.,5,채**,지마켓
PLAY_gmarket_000005,google_play,2026-02-06,광고보고 다시 깔았습니다..,5,범****,지마켓
PLAY_gmarket_000006,google_play,2026-02-06,다양한상품들 빠른 포인트전환,5,b*******,지마켓
PLAY_gmarket_000010,google_play,2026-02-06,광고보고 앱을 안까를수가 없구만 이거 탈쿠팡 시켜줄꺼죠????,5,예*,지마켓
PLAY_gmarket_000011,google_play,2026-02-06,할인 헤택도 많이 주고 배송이 빨라요ᆢ,4,김****,지마켓
PLAY_gmarket_000012,google_play,2026-02-05,가수들 영상보고 결국 깔러 왔습니다.,5,J**,지마켓
PLAY_gmarket_000013,google_play,2026-02-05,설날맞이 세일 좋네요 구매 후 HOT 웃겨서 몇 번 보다 사라집니다 ㅋㅋ,4,O***,지마켓
PLAY_gmarket_000014,google_play,2026-02-05,편하고 직관적이고 쿠팡보다 저렴한게 많음,5,K**********,지마켓
PLAY_gmarket_000015,google_play,2026-02-05,항상 반갑고 고마운 몰 입니다,5,조**,지마켓
PLAY_gmarket_000016,google_play,2026-02-05,맘이 차분해지네요 ^^,5,조**,지마켓
PLAY_gmarket_000017,google_play,2026-02-05,아 위아더컴퓨터때문에 깔게되네,5,박**,지마켓
PLAY_gmarket_000018,google_play,2026-02-05,좋은상품 항상 감사드립니다.,5,이*********,지마켓
PLAY_gmarket_000019,google_play,2026-02-04,"1분마다 화면 절반을 차지하는 혐오스런 광고팝업을 띄워대서 화면절반을 가리고, 스마일카드 발급조건의 허위가격으로 소비자 속이고,우리카드 결제오류,허위재고 문제,문의메뉴 못 찾게 숨겨둠, 고객확인제도를 악용해 민증,여권,통장 등 민감한 개인정보를 암호화도 안 된 일반 이메일로 수집하고 고객정보유출에도 전혀 반성하는 기색도 없는 한여름 벼룩파리 같은 앱.1분마다 화면을 가리는 광고팝업땜에 쇼핑을 못하겠다고 문의 하니까 전산부서 라는 곳에서 저거 필수팝업 이라며 꼬우면 쓰지말란 식으로 말함ㅋㅋ합병 무산됐는지 알리에 회사 매각한다는 기사 떴던데 국민들 개인정보도 몽땅 중국으로 팔아넘기는 거임?개인정보 다 넘어가기 전에 가족들꺼도 다 탈퇴예정.어차피 가격도 훨씬 비싸서 아쉬울것도 없음",1,사********,지마켓
PLAY_gmarket_000021,google_play,2026-02-04,배송도 빠르고 좋아요,5,임**,지마켓
PLAY_gmarket_000022,google_play,2026-02-04,광고때문에 안쓸수가없다ㅋㅋ,5,고**,지마켓
PLAY_gmarket_000023,google_play,2026-02-04,"선물로 5번 이상 재 구매함. 받으시는 분들의 감동 만족, 가격과 배송 등 만족하며 단골이됨.",5,권**,지마켓
PLAY_gmarket_000025,google_play,2026-02-03,탈팡하려고 고민만 하다가 광고 영상보고 열심히 하는거 같아서 가입했다. 배송이랑 이런거 잘되서 독점하는 회사한테 본때를 보여주는 계기가되면 좋겠다,5,정**,지마켓
PLAY_gmarket_000026,google_play,2026-02-03,배송비 없었으면....쿠팡 안쓰고 싶은데 쿠팡거 사게 되잖아요,2,I*******,지마켓
PLAY_gmarket_000027,google_play,2026-02-03,꼭 써봐야아나요. 난 내 게장은 내가 소스로 만들거야 때문에 왔습니다.,5,S**************,지마켓
PLAY_gmarket_000028,google_play,2026-02-03,제품의 가격이 하루하루 달라서 구매하기 망설여집니다,3,안**,지마켓
PLAY_gmarket_000029,google_play,2026-02-03,테스트한거 맞나요? 장바구니 담아놓고 삼성카드 제휴카드 만들려고 링크따라 진행하는데 통신사 선택하고 주민번호 입력하는 단계에서 다음 버튼이 눌리지가 않아요(다음단계 진행불가) 진행도 안되는데 안내는 왜하고 있나요? 개선 부탁드립니다.,1,J*****,지마켓
PLAY_gmarket_000030,google_play,2026-02-03,HOT는 못 참치. G마켓 복귀합니다.,5,장**,지마켓
PLAY_gmarket_000031,google_play,2026-02-03,"타사앱 함께 이용하다 불편하여 모두 접고 오직 "" G마켓 "" 만 이용중입니다 역시 오랜 노하우가 있어 고객들 편리하게 이용할수 있게 해주어 감사 드립니다 앞으로도 무궁무진하게 발전해 나가는 "" G마켓 ""이 되길 간곡히 부탁 드리겠습니다",5,서**,지마켓
PLAY_gmarket_000032,google_play,2026-02-03,HOT에서 졌다 앱설치 ㅋㅋ,5,도****,지마켓
PLAY_gmarket_000033,google_play,2026-02-03,왜 자꾸 앱 킬때마다 로그인이 풀려서 로그인해야하는건가요? 너무 불편하네요,2,김**,지마켓
PLAY_gmarket_000034,google_play,2026-02-02,할인쿠폰이 많고 주문이 편리해요.,5,김**,지마켓
PLAY_gmarket_000035,google_play,2026-02-02,에쵸티 나오는거 보고 바로 앱설치 지마켓으로 갈아탔음 ㅋ,5,김**,지마켓
PLAY_gmarket_000036,google_play,2026-02-02,결제방식도 간편하고 가격도늘 할인 받을수있고 편해요,5,김*****,지마켓
PLAY_gmarket_000037,google_play,2026-02-02,결제가 정상적으로 되지 않습니다. (주문하기 창에서) Pay간편결제->스마일페이 본인인증->ARS추가인증 완료 후 다시 주문하기 창으로 넘어갑니다. 몇번을 해도 계속 반복되며 결제가 계속 되지 않습니다. * 주문하기 창 -> Pay간편결제->스마일페이 본인인증->ARS추가인증 -> 주문하기 창 -> Pay간편결제->스마일페이 본인인증->ARS추가인증 -> 주문하기 창 -> Pay간편결제->스마일페이 본인인증->ARS추가인증,2,C*************,지마켓
PLAY_gmarket_000038,google_play,2026-02-02,광고 보고 달려왔습니다 ㅋㅋㅋㅋㅋ,5,비****,지마켓
PLAY_gmarket_000039,google_play,2026-02-02,다양한 쿠폰 으로 이용하니 좋아요,5,문**,지마켓
PLAY_gmarket_000041,google_play,2026-02-01,좋으네요. 스마일클럽으로 혜택이 많아요,5,김**,지마켓
PLAY_gmarket_000042,google_play,2026-02-01,해외직구에 취소되는물건이많아 쇼핑몰이용을잘안하게되는것같아요,1,허**,지마켓
PLAY_gmarket_000044,google_play,2026-02-01,"카드할인을 먹여야 경쟁력이 조듬이나마 생기는데, 이걸 쓸땐 포인트를 또 못씀. 그럼 결국 포인트 적립이 의미가 없어지고, 다른 플랫폼이 포인트까지 주는거 생각하면 거기가 더 싼데 지마켓을 쓸 메리트가 뭘까요? 포인트도 카드결제할때 쓸수잇게 해주세요",1,P********,지마켓
PLAY_gmarket_000046,google_play,2026-01-31,탈팡하고 이사왔는데 가격저렴하고 개팡보다 장점도 있네요 아직 부족한부분도 있지만 이정도면 대체안으로 추천할만 합니다,5,j**********,지마켓
PLAY_gmarket_000047,google_play,2026-01-31,빠른배송 만족 합니다,5,조**,지마켓
PLAY_gmarket_000048,google_play,2026-01-31,포인트 적립된거 1월 31일까지라고 적어놓더니 새벽에 포인트 소멸시키는건 너무한거 아닙니까? 어느 쇼핑몰을 가도 해당 날짜 자정까지는 기간을 두는데 이건 뭐 사람 가지고 노는것도 아니고 뭐하자는거죠? 소비자 뒤통수를 이렇게도 친다라고 광고하는 겁니까? 진짜 어이없네!!,1,황**,지마켓
PLAY_gmarket_000049,google_play,2026-01-31,쿠폰 적용해야 싸기도 하고 물건 따라 네이버쇼핑이 더 싼 거도 있고 피곤..,4,한**,지마켓
PLAY_gmarket_000050,google_play,2026-01-31,주문시본인인증하래서혈압올라죽음,1,H**********,지마켓
PLAY_gmarket_000051,google_play,2026-01-30,"비판적 리뷰가 대체적으로 악플 수준이네^^ G마켓이 예전에 비하면 당연히 발전했구요. 개별적으로 불편을 겪는분도 계시겠지만 G마켓 좀더 분발 하셔서 영업 시스템이 100% 소비자 만족에 가까워지면 우리나라 생산자, 유통, 배달업,에 종사하시는 분들이 잘 살고 최종적으로는 소비자(국민)이 행복해집니다. 국민이 행복하면 나라가 행복합니다. 사기꾼들 빼고^^",5,S***,지마켓
PLAY_gmarket_000052,google_play,2026-01-30,살려고해도살수없었던사이트인데오늘에야네이버를통해구입가능하네요.옥션이랑같은회사인데가격은왜다른건지모르겠네요.,4,이**,지마켓
PLAY_gmarket_000053,google_play,2026-01-30,해외직구 통관번호 갱신되서 한번 미스가 나서 갱신번호 입력하려 했더니 숫자 입력 안됨 고객센터 문의 넣었더니 다시입력해라 ㅡㅡ 입력 자체가 안된다구요 재설치 후에도 안됨 앱관리 겁나잘함 겁나 칭찬함 관리자 상줘야할듯,1,T*****,지마켓
PLAY_gmarket_000054,google_play,2026-01-30,편하게 다양한 제품을 비교해보고 주문할 수 있어 좋아요,4,김*************,지마켓
PLAY_gmarket_000055,google_play,2026-01-30,이것이 그 한우인가,5,조**,지마켓
PLAY_gmarket_000056,google_play,2026-01-30,이번에는 가격도 저렴하고 쇼핑도 편하고 주문도 쉬웠어요,4,E*************,지마켓
PLAY_gmarket_000057,google_play,2026-01-30,G마켓 항상 사랑 합니다~~~,5,권**,지마켓
PLAY_gmarket_000058,google_play,2026-01-29,좋은 상품을 설특가로 판매해주셔서 감사합니다^^,5,k*****,지마켓
PLAY_gmarket_000059,google_play,2026-01-29,다른 곳보다 가격이 저렴합니다.,5,전**,지마켓
PLAY_gmarket_000061,google_play,2026-01-28,오랫만에 주문하네요^^ 쿠팡의 자리를 잘 채워주세요~~ㅎ,5,김**,지마켓
PLAY_gmarket_000063,google_play,2026-01-28,좋은 쇼핑 좋은 가격,5,T************,지마켓
PLAY_gmarket_000065,google_play,2026-01-28,빅스마일데이 스티커 붙은것만 검색하는 기능을 없앤 이유가 뭡니까?,1,x**,지마켓
PLAY_gmarket_000066,google_play,2026-01-28,좋은제품을 저렴하게 잘구매했어요~~~~,5,이**,지마켓
PLAY_gmarket_000067,google_play,2026-01-27,감사합니다..믿고 사용하는 G마켓 제품도 다양하고 배송도 빠르고 반품/취소 등등 다 만족하면서 사용하고 있습니다~^^,5,g***,지마켓
PLAY_gmarket_000070,google_play,2026-01-26,편리하고 좋아요^^,5,우***,지마켓
PLAY_gmarket_000071,google_play,2026-01-26,좋은 제품을 저렴한 가격으로 구입할 수 있어서 좋아요,5,s**********,지마켓
PLAY_gmarket_000073,google_play,2026-01-26,쿠팡 탈퇴하고 여기저기 깔고 검색해보려는데..다른데보다 훨씬 비싸네-.-; 옛날엔 쿠팡보다 훨씬 저렴했던 시절이있었는데ㅜ 다시 삭제각!,1,존****,지마켓
PLAY_gmarket_000074,google_play,2026-01-26,좋은상품 알선해 주셔서 감사드립니다.,5,김**,지마켓
PLAY_gmarket_000075,google_play,2026-01-25,지마켓 쵝오~!!!,5,최**,지마켓
PLAY_gmarket_000076,google_play,2026-01-25,쿠폰으로 할인가에 구매해서 좋아요,4,김**,지마켓
PLAY_gmarket_000077,google_play,2026-01-25,배송도 빠른편이고 할인쿠폰 적용시 쿠팡보다 더 저렴한 상품도 꽤 있어요.,4,황**,지마켓
PLAY_gmarket_000078,google_play,2026-01-24,지마켓에서 유산균을 구매했었는데 유산균들을 미리 사둔거라 사놓고 나중에 먹으려고하다 오늘 개봉해보니 뚜껑에 비닐은 붙어있었는데 뚜껑을 열어보니 씰링이 반이상이 대놓고 뜯겨져 있더라구요 유튭보고 이 유산균은 처음사서 먹어보려한거라 기억합니다 설마해서 세보니 60개가 들어가있어야하는데 59개가 있더군요 이런경우는 처음이라 설마설마 하면서 5번은 세봤네요 하하하하 정말 너무 황당하네요~너무 황당해서 어느 판매자인가 구매내역을 확인해보려하니 그 당시 탈퇴했다가 재가입했던건지 카드결제내역은 지마켓으로 결제되어있고 제가 별도로 유산균 상품까지 메모해두었는데 지마켓에 들어가보니 결제내역은 안보이고 또 시간이 이미 지난뒤라 (유통기한은 많이남았으나..) 어떻게 어디에 말할수도 없네요 근데 보통은 다 먹고 개봉하니까 60개를 다먹고 개봉했다면 반품기한도 이미 지난뒤라 어찌할방법이 없으니 이런건가 싶기도 하고 앞으로 살때는 무조건 산것들을 다 개봉해봐야겠네요 씰링개봉이 된건지 알약갯수는 다 있는지~~,1,이**,지마켓
PLAY_gmarket_000079,google_play,2026-01-23,좋은 제품을 가장 좋은 가격에 구입했습니다,5,이**,지마켓
PLAY_gmarket_000080,google_play,2026-01-23,좋은 제품 감사합니다,5,김**,지마켓
PLAY_gmarket_000081,google_play,2026-01-23,지난번 주문한 귤이 정말 맛있어서 재주문합니다~~♡♡,5,심**,지마켓
PLAY_gmarket_000082,google_play,2026-01-23,다양한물건 편한결제,5,연**,지마켓
PLAY_gmarket_000083,google_play,2026-01-23,짜증나게 뭘 로그인 할때마다 자꾸 본인인증을 쳐하라는거냐?,1,바*,지마켓
PLAY_gmarket_000084,google_play,2026-01-23,다른데보다 거의 가격 혜택이 많아요,5,이**,지마켓
PLAY_gmarket_000086,google_play,2026-01-22,왜 장바구니가 잘 안 열릴까요?ㅠ,4,k***,지마켓
PLAY_gmarket_000091,google_play,2026-01-21,여성용 의류 쪽에 너무 과하게 편성되있네요.남성 의류코너가 왜 이렇게 적게 판매표시가 되는건가요?,2,L*********,지마켓
PLAY_gmarket_000092,google_play,2026-01-20,채팅상담하는도중 다른앱이나 전화걸려와서 전화 받으면 채팅이 즉시 끊기는데 진짜 너무너무 불편하고 이것때문에 지마켓 이용까지 꺼려질정도입니다 옛날부터 이러던데 제발 개선좀 하세요 진짜 너무 불편합니다 실컷 설명 다했는데 열몇명을 기다리고 다시 대기해야되네요,1,Y******,지마켓
PLAY_gmarket_000093,google_play,2026-01-20,ggggggg 마켓은 사랑이다,5,윤**,지마켓
PLAY_gmarket_000094,google_play,2026-01-19,업뎃이 97%에서 진행이 안되는데 저만 그런가요?,1,김**,지마켓
PLAY_gmarket_000095,google_play,2026-01-19,좋아요-----~~%,4,정**,지마켓
PLAY_gmarket_000097,google_play,2026-01-19,데이터상품권 구매가 안 되는데 이제 구매 못하는건가요?,4,최**,지마켓
PLAY_gmarket_000098,google_play,2026-01-19,잘 이용하고 있어요 좋아요,5,이**,지마켓
PLAY_gmarket_000099,google_play,2026-01-19,쿠팡탈하고 지마켓으로 갈아탔어요 쿠팡을 넘어서길 응원합니다!!,5,엘***,지마켓
PLAY_gmarket_000101,google_play,2026-01-18,제품을 고르기가 쉽다 가격도 합리적이다.,5,권**,지마켓
PLAY_gmarket_000103,google_play,2026-01-18,좋은가격에 구입합니다.감사드립니다,5,s*******,지마켓
PLAY_gmarket_000104,google_play,2026-01-17,쿠폰이 자주 생겨서 최저가로 살때가 많아요 지마켓 좋아,5,김**,지마켓
PLAY_gmarket_000105,google_play,2026-01-17,토욜 주문인데 왜 월욜 배송 안되나?,4,K*********,지마켓
PLAY_gmarket_000106,google_play,2026-01-17,저렴 굳 제품 좋아요,5,민**,지마켓
PLAY_gmarket_000107,google_play,2026-01-16,쇼핑은 언제나 지마켓입니다,5,콘**,지마켓
PLAY_gmarket_000108,google_play,2026-01-15,우리 라떼가 잘 먹어요,5,최****,지마켓
PLAY_gmarket_000110,google_play,2026-01-15,저렴하고 가성비 좋은 상품이 많아서 좋네요~^^,5,성**,지마켓
PLAY_gmarket_000113,google_play,2026-01-14,간편결재 편해요 보안철저 부탁해요,5,숙**,지마켓
PLAY_gmarket_000117,google_play,2026-01-12,가독성이 떨어져요ㅠ 쿠X에서 옮기려고 계속 보고있는데 가독성이 너무 좋지 않아요. 근처 대형마트만가도 개당가격이나 g당 단위 가격이 있는데 여기는 없어요.... 빠르게 보고 빠르게 넘기고 정보를 파악해서 사고싶은데 직관적이지 못하니..! !! 물건을 못 사겟어요... 물건도 클릭했을때 한가지만 떠야하는데 목록에 또 상품종류가 여러가지예요!!! 하나하나 보고 선택하는게 시간 아까워요..... 차라리 홈플xx어플이 훨씬 가독성이 좋아요!!! 그리고 옷같은것도 국내제작인지 아닌지 알고싶은데 상세페이지 눌러야만 알 수 있어요.... 너무 옮기고싶은데... 답답해요,3,S*********************,지마켓
PLAY_gmarket_000118,google_play,2026-01-12,착한가격 최고에요~^^,5,이**,지마켓
PLAY_gmarket_000119,google_play,2026-01-12,예전에 지마켓을 자주 이용했는데 요즘은 가끔 이용합니다 쿠폰을 일괄적으로 받을수 있는 쿠폰은 한번에 다 받을수 있게 바뀌면 좋겠습니다 쿠폰함을 들어가면 일일이 하나씩 다 눌러야하는데 엄청 불편합니다 그리고 쿠폰 구분을 다시 분류했으면 좋겠네요,2,M*********,지마켓
PLAY_gmarket_000120,google_play,2026-01-12,좋아요 편리해요 ......,5,h*****,지마켓
PLAY_gmarket_000123,google_play,2026-01-11,제가 주로 이용하고 있는 곳입니만 지금보다 아주 조금만 더 다양한 제품과 혜택이 제공된다면 타 업체의 독식이 훨씬 더 완화되고 좋을텐데.. 저뿐만 아니라 더 많은 고객을 완전한 고정으로 잡을 수 있지 않을까요? 조금 아쉬운 제품 및 혜택의 다양성과 배송 서비스 비용의 부담이 타 쇼핑몰을 온전히 놓지 못하고 오며가며 이용중이네요,4,W*****,지마켓
PLAY_gmarket_000124,google_play,2026-01-11,상품 최고에요~~^^,5,박**,지마켓
PLAY_gmarket_000125,google_play,2026-01-10,가성비 좋은 상품이 많아요,5,h**********,지마켓
PLAY_gmarket_000127,google_play,2026-01-09,오랬동안 쇼핑의 기준을 지켜준 G마켓,5,김**,지마켓
PLAY_gmarket_000129,google_play,2026-01-09,좋습니다. 감사합니다. 수고하셨습니다.,5,박**,지마켓
PLAY_gmarket_000130,google_play,2026-01-08,몇일내로 탈퇴하고 다른쇼핑찾아보려합니다.G마켓은 장사꾼들 관리도안하고 매년마다 백이상써주는데 전혀 이벤트도 없음,1,박**,지마켓
PLAY_gmarket_000131,google_play,2026-01-08,아니 왜 결제 카드 순서 바꾸는 기능을 뺐나요??? 당장 원복 시켜주세요!!,1,H***********,지마켓
PLAY_gmarket_000132,google_play,2026-01-08,안전하고 정확한배송 감사합니다 항상 안심하며 애용하고싶네요.,5,Y*************,지마켓
PLAY_gmarket_000134,google_play,2026-01-07,뭔 꼴같지 않은 스마일캐쉬 2700원 1900원 연말부터 연초까지 누가봐도 마케팅 냄새 풀풀 풍기는거 스리슬쩍 처박아놓고 그거 소멸되니까 빨리 쓰라고 (광고) 딱지도 없이 카톡 알림을 보내는 건 무슨 경우인지 ㅇㅇ 요즘 핫하신 뭐팡이랑 같이 청문회 자리까진 못가더라도 뭐 어떻게 방통과기부 kisa kca 등등에 뚜까 맞아보실래요?,1,김**,지마켓
PLAY_gmarket_000135,google_play,2026-01-07,장점은 온라인 쇼핑하기 좋아요 단점은 캐시가 소멸이 된다는거,4,백**,지마켓
PLAY_gmarket_000136,google_play,2026-01-07,너무 편리하고 제품도 좋은것 같아요.,5,이**,지마켓
PLAY_gmarket_000137,google_play,2026-01-07,나이든 노인과 손자손녀 함께하기 좋은상품으로 알고 구매합니다.,5,c***********,지마켓
PLAY_gmarket_000138,google_play,2026-01-07,유니버스클럽으로 저렴하게 쿠폰으로 구매 중입니다.,5,N******,지마켓
PLAY_gmarket_000139,google_play,2026-01-06,이상현상 범인이 지마켓이 아니었어서 리뷰수정함,5,엘***,지마켓
PLAY_gmarket_000140,google_play,2026-01-06,"오랜만에 사용하는지라,,, 빨래 왔으면 좋겠다 ㅎㅎ",5,유**********,지마켓
PLAY_gmarket_000142,google_play,2026-01-06,세일 물품들 많아서 좋아요~😀,5,이**,지마켓
PLAY_gmarket_000144,google_play,2026-01-06,탈팡하고 이리이사왔어요~ 다양한제품있네요~가격도 자동할인이 적용되서 좋네요~ 우선 배송은 오늘 주문해서 받아봐야알겠네요~자주 이용할게요~,5,조**,지마켓
PLAY_gmarket_000145,google_play,2026-01-06,평소 옷 쇼핑이나 그런걸 자주 사용하는 편은 아니지만 g마켓은 쓰기 편해서 좋음,4,김**,지마켓
PLAY_gmarket_000147,google_play,2026-01-05,할인해서방문하면최종결제금액은높아져요ㅠ,3,박**,지마켓
PLAY_gmarket_000148,google_play,2026-01-05,G마켓에서 의자안마기 사는거신중하세요 A/S 수거접수가안되요 판매자가 코드번호를주지를않고 G마켓은 제재를할수가없다네요 기가막히네요 참조들하세요 소비자보고 알아서택배를보내라고합니다 4곳택배사접수 의자안마기는 화물이라규정상 접수불가라네요 그런데도 알아서 보내라네요 화물택배에서는 의자안마기를 직접들고오라네요 1년조금 넘었는데 나이드신분들이직접의자안마기를어떻게화물택배까지 들고갈까고?일반사람도들기힘든데 ...막무가네로G마켓에서 하시는말 다시접수잘해보랍니다?택배사고객센터에서 안된다는걸 G마겟상위부서분이 말로잘해보라네요 이게말인지 방구인지 어이가읍네요,1,김*,지마켓
PLAY_gmarket_000150,google_play,2026-01-04,스마일캐시 리워드 적립 못하게 막음,1,s********,지마켓
PLAY_gmarket_000151,google_play,2026-01-04,상담화면에서 쉽게 나가지는데 주문내역등 확인하고 싶어도 화면을 나가기만 하면 되돌아갈 방법이 없어 크게 불편합니다. 상담 중 화면이 이탈되더라도 다시 돌아갈 방법이 있었으면 합니다. 그리고 이건 시스템 문제인지 뭔지 모르겠으나 스마일페이 결제시 선택한 카드가 아닌 다른 카드로 결제되는 경우가 부지기수입니다. 개선 부탁드립니다. ++ 그리고 장바구니 체크 삭제 등 반응이 너무 느려서 갑갑증이 올라옵니다 정말 이렇게밖에 안 되나요,1,제*,지마켓
PLAY_gmarket_000152,google_play,2026-01-04,무료배송으로 빠르게 구매했습니다,5,S**********,지마켓
PLAY_gmarket_000157,google_play,2026-01-03,설명이 간단하여 따라하기편함,5,장**,지마켓
PLAY_gmarket_000158,google_play,2026-01-03,무료배송 생각보다많네요,5,설***,지마켓
PLAY_gmarket_000159,google_play,2026-01-03,g마켓만 써요 할인 행사도 많고~ 쿠팡대신 g마켓!!,5,배***,지마켓
PLAY_gmarket_000160,google_play,2026-01-03,스타배송 기한이 절대 제대로 지켜지지 않음. 하루 이상 늦으면 천캐쉬 준다는데 그 이상 늦어도 보상 그대로라 판매자는 한번 늦으면 서두를 이유가 사라짐. 배송기한 어겨도 물갈이나 관리도없음. 한참 전부터 배송 항의문의 쌓여있는 상품도 버젓이 정상영업함. 탈팡러쉬에도 수혜 못볼 곳.,1,마***,지마켓
PLAY_gmarket_000161,google_play,2026-01-03,저렴하고 빠르고 아주 좋아요,5,조**,지마켓
PLAY_gmarket_000163,google_play,2026-01-02,"필요한 물품을 편하게 구매 할 수 있어 좋아요,",5,최**,지마켓
PLAY_gmarket_000164,google_play,2026-01-02,너무 편리해요 역시 국산회사 최고,5,김**,지마켓
PLAY_gmarket_000165,google_play,2026-01-01,"지마켓은 신세계 유니버스 클럽 멤버십 덕분에 쇼핑 외에도 스타벅스나 편의점 같은 일상 혜택까지 챙길 수 있어 유용합니다. 특히 빅스마일데이 기간에는 가전이나 생필품을 정말 저렴하게 살 수 있어 큰 쇼핑을 할 때 가장 먼저 찾게 됩니다. 스마일배송을 이용하면 다음 날 바로 물건을 받을 수 있고, 여러 상품을 한 박스에 묶어 보내주니 뒤처리도 깔끔해서 편합니다. 대기업 플랫폼이라 결제나 환불 처리가 믿음직스럽고 빠르다는 점도 큰 장점 중 하나입니다. 다만 앱 화면에 광고가 많고 검색 시 광고 상품이 먼저 보여서 진짜 인기 있는 물건을 찾으려면 손품을 좀 팔아야 합니다. 일반 배송 상품은 판매자마다 속도가 다르니 급한 물건은 꼭 배송 예정일을 확인하고 주문하는 것이 좋습니다. 결국 행사 시즌과 멤버십 혜택만 잘 활용해도 본전은 충분히 뽑고도 남는 효율 좋은 쇼핑몰입니다.",5,김**,지마켓
PLAY_gmarket_000168,google_play,2026-01-01,쿠팡떠나고 이곳에 왔어요,5,Z*******,지마켓
PLAY_gmarket_000169,google_play,2026-01-01,요즘 지마켓 자주 잘 사용하고 있어요!!!,5,우**,지마켓
PLAY_gmarket_000170,google_play,2026-01-01,가성비 좋은제품 늘 감사하죠,4,D*********,지마켓
PLAY_gmarket_000171,google_play,2026-01-01,"월정료 만들고 무료배송 해서 쿠ㅍ 고객들 흡수할 수 있도록 총력을 다하라! 30일반품도 필요없고, 로켓도 필요없다 반품 안하고, 하루 일찍 시킬께 지마켓 쓰게해줘라!",3,홍**,지마켓
PLAY_gmarket_000172,google_play,2026-01-01,엄청 만족스러워요~,5,한**,지마켓
PLAY_gmarket_000173,google_play,2026-01-01,배송도 빠르고 좋아요,4,임**,지마켓
PLAY_gmarket_000174,google_play,2025-12-31,쇼핑하기 유용한 온라인 쇼핑 으로 바뀌어진 G마켓! 제품도 저렴 구입하는 쿠폰 주셔서 즐거움도 있어요ㆍ,5,루***,지마켓
PLAY_gmarket_000175,google_play,2025-12-31,쿠팡 탈출로 선택하였는데 할인이 좋네요,5,김**,지마켓
PLAY_gmarket_000176,google_play,2025-12-31,쿠팡탈퇴하고 광고보고 설치함 한우 쌈무,5,정**,지마켓
PLAY_gmarket_000177,google_play,2025-12-31,인터넷 지마켓링크 앱으로연결눌러도 앱으로안됨 몇달째안바뀌는거보니 개발자도 어지간히무능한듯,1,U*****,지마켓
PLAY_gmarket_000178,google_play,2025-12-31,좋아요 싸게 잘 샀어요,5,리*,지마켓
PLAY_gmarket_000179,google_play,2025-12-31,앱 껐다켰다 하면서 지금은 해결했습니다. 1시간 동안 비밀번호 창작만 하고 있으니 열불이 올라서 작성했습니다. 리뷰 수정했습니다. 죄송합니다. 빠른 답변 감사했습니다. 좋은 앱으로 오래 가길 바랍니다.,4,이**,지마켓
PLAY_gmarket_000180,google_play,2025-12-30,만족스럽더라고요 좋아요,4,정**,지마켓
PLAY_gmarket_000182,google_play,2025-12-30,지락페 시작하면 더 비싸요.,1,백**,지마켓
PLAY_gmarket_000185,google_play,2025-12-29,결제 혜택이 많아서 참 조아요,5,김**,지마켓
PLAY_gmarket_000187,google_play,2025-12-29,타 비 장바구니도없구 불편함 쿠팡대신 사용할까했는데 불편해서?,1,차**,지마켓
PLAY_gmarket_000188,google_play,2025-12-29,백영미 AI 댓글 티 JONNA 나는데 G마켓 리뷰조작 티나네 ㅋㅋ 탈팡하고 찾는 중인데 리뷰 보자마자 걍 네이버쇼핑 간다 ㅋㅋ,1,이*,지마켓
PLAY_gmarket_000189,google_play,2025-12-29,저렴하게 구입하여 기대 되네요.,5,홍**,지마켓
PLAY_gmarket_000190,google_play,2025-12-28,이용이 간편하고 좋네요. 아주 저렴하게 구입했어요,5,심**,지마켓
PLAY_gmarket_000193,google_play,2025-12-27,포인트적립방해(수시로포인트소멸),1,전**,지마켓
PLAY_gmarket_000195,google_play,2025-12-26,쿠팡쓰다 돌아왔는데 사용하기가 아직은 좀 불편한듯...,3,S******,지마켓
PLAY_gmarket_000197,google_play,2025-12-26,쿠팡처럼만 하면 지마켓 쓰죠 쓰기가 불편해요 쿠팡처럼만 해봐요 제발 쿠팡 쓰기 싫거든요,3,l******,지마켓
PLAY_gmarket_000199,google_play,2025-12-26,좋은데요 쿠팡대신 이거 쓰고싶네요,5,왕****,지마켓
PLAY_gmarket_000200,google_play,2025-12-26,신뢰합니다 감사합니다,5,전**,지마켓
PLAY_gmarket_000202,google_play,2025-12-25,"쿠팡에서 나왔어요. 뉴스 사건으로. G마켓이 쿠팡보다 가격이 비싼줄알았었죠. 아니네요. 배달건으로 너무 빠른배송으로 직원들이 사망하는사고가 없기를 바랍니다.더욱 많은제품 저렴하게 구매할수있기를 바라며, G마켓의 무궁한발전을 기원합니다.",5,S***********,지마켓
PLAY_gmarket_000203,google_play,2025-12-25,항상 이용하고 있습니다,5,중**,지마켓
PLAY_gmarket_000204,google_play,2025-12-25,생축쿠폰 주고너프시키는건 ㅋㅋ개같이운영하네,1,하**,지마켓
PLAY_gmarket_000205,google_play,2025-12-24,클럽스템프 퀴즈 장난하나ㅡㅡ 애매한 답으로 암유발하네,1,j*************,지마켓
PLAY_gmarket_000207,google_play,2025-12-23,다양한 제품 가성비가 좋아요,5,이**,지마켓
PLAY_gmarket_000208,google_play,2025-12-23,전에도 맛있게 먹고 또 주문해요,5,이**,지마켓
PLAY_gmarket_000209,google_play,2025-12-23,"쿠팡 보다좋은데.,",5,S*********,지마켓
PLAY_gmarket_000210,google_play,2025-12-23,쿠팡 꼴보기 시러서 다시 지마켓으로 돌아왔는데 물건도 쿵팡보다없고 가격도 쿠팡보다 사악하네요ㅠㅠ 이럼 쿠팡을 어떻게 뛰어넘으실 건가요,1,김**,지마켓
PLAY_gmarket_000211,google_play,2025-12-22,"연회비말고도 월회비와 무료배송,당일배송 늘리면 쿠팡에서 여기로 넘어올텐데...",3,s*********,지마켓
PLAY_gmarket_000213,google_play,2025-12-22,이게 마음대로 열리고 지스로로 종료 되요,1,유*,지마켓
PLAY_gmarket_000214,google_play,2025-12-21,제일저렴하고 물건도좋네요,5,박**,지마켓
PLAY_gmarket_000216,google_play,2025-12-21,빨라서 좋아요 잘 쓸께요 good~👍👍,5,허**,지마켓
PLAY_gmarket_000217,google_play,2025-12-21,같은 상품을 선물받아서 주문했던 상품을 반품 하나 처리하는데 3주가량 걸림 이게 맞나 싶음;; 사용하지도 않은 새상품을 택배사에 보내는데 2주나 걸림 심지어 아직도 안끝남 판매자한테 문의를 3번이나 처 넣고 있어야 함,1,양**,지마켓
PLAY_gmarket_000218,google_play,2025-12-21,최소 주문 금액을 낮춰주셨으면 좋겠습니다.,4,서**,지마켓
PLAY_gmarket_000219,google_play,2025-12-21,제 의사와는 상관없이 스마일페이로 자동충전되어 결제가 됐는데 개인정보 유출 등 불안하네요. 일단은 주문한 상품이 제대로 제때 배송이 되는 기다려 보겠습니다.,3,K****,지마켓
PLAY_gmarket_000221,google_play,2025-12-20,다른 홈쇼핑과 다른점 알로에 화장품 독점할인행사가 아주 멋져 어요 👍,5,김**,지마켓
PLAY_gmarket_000222,google_play,2025-12-20,가성비좋은 상품과 캐시백이 좋았습니다,5,유**,지마켓
PLAY_gmarket_000223,google_play,2025-12-19,믿음가고 가격도 좋아요,5,G****,지마켓
PLAY_gmarket_000224,google_play,2025-12-19,늘 이용잘하고있어요,5,&,지마켓
PLAY_gmarket_000226,google_play,2025-12-19,"빨라요 좋아요,,,,,,",5,홍**,지마켓
PLAY_gmarket_000227,google_play,2025-12-19,지난 주문 내역을 검색 하려고 하면 최대 5년단위로 볼 수 있다고 나오면서 최근 1년내 구매 제품만 나옵니다.전체확인이나 직접 날짜를 입력해도 뭔가 목록이 알수 없는 형태로 나열 되는데 터치하면 일시적인 오류 현상이라고 계속 반복 되네요.,3,s******,지마켓
PLAY_gmarket_000228,google_play,2025-12-19,쿠팡에서 갈아탔어요 잘부탁해요,5,심**,지마켓
PLAY_gmarket_000230,google_play,2025-12-18,주문이 너무 느려져서 쓰기 싫어지네. 이제 딴데로 갈 때가 된 듯. 윈10 노트북에서 맨날 댜나와 거쳐 접속하니 아예 결제도 안되게 했을 때 바꿨어야 했나,1,M********,지마켓
PLAY_gmarket_000231,google_play,2025-12-18,"UI가 너무 정신 없어요. 옛날 좋은 기억 때문에 최대한 써보려 했는데, 도저히 익숙해지지 않네요. 팝업도 계속 뜨고 너무 짜증납니다. 다 마케팅의 일환인 거 알고, 저보다 많이 배우신 분들이 짰겠지만, 전 도저히 적응이 안돼 갈아탑니다. 수고하세요.",1,김**,지마켓
PLAY_gmarket_000234,google_play,2025-12-16,쿠팡보다 가격이 저렴해 넘 좋아요~게속 애용하겠습니다^^;;,5,민**,지마켓
PLAY_gmarket_000235,google_play,2025-12-16,탈팡하고 G 마트 첫구매 입니다. 조금은 익숙하지 않지만 해 보겠습니다.,4,전**,지마켓
PLAY_gmarket_000236,google_play,2025-12-16,왼쪽 밑에 동그란광고 없애지도 못하게하고 상당히 거슬리구만요,2,y**********,지마켓
PLAY_gmarket_000237,google_play,2025-12-16,쿠팡처럼 빠른배송과 무료배송이 늘어 났으면 좋겠습니다.,4,정**,지마켓
PLAY_gmarket_000238,google_play,2025-12-15,상품을 보다가 시간이 지나면 자동으로 제일 처음 상품으로(제일 위) 돌아갑니다 한두번도 아니고 계속해서 반복됩니다 개선바랍니다,3,김***,지마켓
PLAY_gmarket_000239,google_play,2025-12-15,"왜 갑자기 정렬이 없어졌나요?신상품순,인기순,저가순 고가순 이런거 없어짐 미친거 아님?필터도없어지고 ㅡㅡ 검색하는데 필터도 중요한데 제정신인지?칭찬글에만 답글 달지말고 오류 수정 해달라고요 진짜 어이없네",1,센***,지마켓
PLAY_gmarket_000240,google_play,2025-12-15,좋아요. 나의 좋은 동반자~,5,최**,지마켓
PLAY_gmarket_000242,google_play,2025-12-15,재구매입니다. 좋아요,5,Y**************,지마켓
PLAY_gmarket_000243,google_play,2025-12-15,저렴하고 배송도 빨라서 자주 이용합니다 번창하세요,5,치***,지마켓
PLAY_gmarket_000245,google_play,2025-12-14,쿠팡보단 G마켓. 갈아타기 완료^^,5,이**,지마켓
PLAY_gmarket_000247,google_play,2025-12-13,언젠가부터 업데이트하고나서 장바구니에 들어가서 쿠폰적용버튼을 누르면 굉장히.....느려지는 현상이 나타나네요...제폰이 이상한건지..모르겠네요.,3,김**,지마켓
PLAY_gmarket_000248,google_play,2025-12-13,상품이 다양하고 저렴함,5,뽀***,지마켓
PLAY_gmarket_000250,google_play,2025-12-12,주문한 그대로 빠르고 정확 배송 감사합니다,5,임**,지마켓
PLAY_gmarket_000251,google_play,2025-12-11,좋은가격 할인쿠폰 많이되어서~~ 좋은 물건 구입해서 좋아요~~~,5,S**********,지마켓
PLAY_gmarket_000252,google_play,2025-12-11,믿고 주문하는 지마켓 좋습니다,5,최**,지마켓
PLAY_gmarket_000253,google_play,2025-12-10,앱테크할 때 지우고 싶은 어플 1위. 애증이다.,3,음***,지마켓
PLAY_gmarket_000255,google_play,2025-12-09,쓰레기 쿠팡 월 300만원씩 팔아주니 개인정보나 뚫리고 지마켓이 훨났다,5,c****,지마켓
PLAY_gmarket_000257,google_play,2025-12-09,가격대비만족합니다 가격대비만족합니다,5,그***,지마켓
PLAY_gmarket_000258,google_play,2025-12-09,지마켓 행사 많이 해서 좋습니다. 앱이 종료된적도 없고 안정적이네요,5,2******,지마켓
PLAY_gmarket_000259,google_play,2025-12-08,빽라이트 구매 했어요,5,강**,지마켓
PLAY_gmarket_000260,google_play,2025-12-08,가격저렴하고 좋아요,4,전**,지마켓
PLAY_gmarket_000261,google_play,2025-12-08,상품평하고 확인 누르면 확인이 안됨.하얀창만 뜨고 뒤돌아가기도 안되고 버튼이 안먹힘. 업데이트문제도 아님. 지금 2주째 이상태인데 답답해서 남깁니다. ->답변으로 문제해결되었습니다.,5,J*******,지마켓
PLAY_gmarket_000262,google_play,2025-12-08,"로그인할때마다 알림동의 체크해놓는건 상술이 지나치다못해 정도를 넘어간 것 아닙니까? 아무리 지마켓 매출을 올려 주는 입장이라고 해도, '고객'이 아닌 '소비자'로만 대하는 기업에 신뢰를 갖기가 어려울 뿐 아니라 로그인 할때마다 굉장히 불쾌합니다. 이십여년을 지마켓 충성고객으로 있었는데 이 알림동의 설정때문에 탈퇴를 고려하게 됩니다.",1,d********,지마켓
PLAY_gmarket_000263,google_play,2025-12-08,지마켓은 2단계 인증서비스 없나요? 개인정보유출이 염려되어 2단계인증서비스만들어주시기바랍니다🙏,4,심**,지마켓
PLAY_gmarket_000264,google_play,2025-12-08,최근 개인정보 털렸으면서 인정안하고 내꺼까지 결제될까 두려워서 바로 탈퇴함 그니까 내정보 바로 지워주세요,1,S***,지마켓
PLAY_gmarket_000265,google_play,2025-12-07,다른 사이트보다 지마겟이 좀 비싸요,1,박**,지마켓
PLAY_gmarket_000266,google_play,2025-12-06,진짜 정보 유출되고 실망 입니다 G마켓만 계속 쓰고 있는데 믿었던 데서 발등 찍기다니 ㅠ 이제 탈퇴 해야 하나 몇십년째 G마켓만 썼는데 진짜 화나네요,2,백**,지마켓
PLAY_gmarket_000268,google_play,2025-12-06,괴도루팡 털려서 G마케으로 갈아타요~~~ g마켓은 중국인 채용 안하죠?,5,이**,지마켓
PLAY_gmarket_000269,google_play,2025-12-06,아놔 전에는 바로바로떴는데 한달전?쯤부터 장바구니에서 쿠폰적용 누르면 5초뒤에 쿠폰적용하는 화면이 떠요 우연인가했는데 계속이러네요 아 놔 ㅠ 빨리고쳐주세요 빨리!! 그리고 전에말한 쿠폰/출첵에서 쿠폰받을때 쿠폰받는⬇️ 요거 누르고 확인누르면 화면이 새로고침되듯 백지화면에서 쿠폰화면으로 바뀐다했잖아요 이것도 새로고침안되게해줘요 걍 전체다운받기만들어주면 편할텐데 굳이 새로고침까지되게하면서 사람지치게 일일이다운받게하는건지.. 답답하네요,2,j****,지마켓
PLAY_gmarket_000270,google_play,2025-12-05,g마켓 잘사용 하고있어요.,5,블******,지마켓
PLAY_gmarket_000271,google_play,2025-12-05,광고보고 써봐요 ㅋㅋㅋㅋ ㅋㅋㅋㅋ 상의하의상의하상의하이-,5,쭈*,지마켓
PLAY_gmarket_000272,google_play,2025-12-05,좋아요 좋아요 좋아요 요즘 상품이 좋아진것 같아요. 좋은 상품들이 많았으면 좋겠습니다,5,v*********,지마켓
PLAY_gmarket_000273,google_play,2025-12-05,쿠폰 사용 본인 인증했는데 자꾸 인증 하라고 떠서 앱 설치 4분만에 삭제함,1,고*********,지마켓
PLAY_gmarket_000274,google_play,2025-12-05,"몇년전에 리뷰한거 불편하다한 부분 전혀 수정이 안되나봐요. 진짜 쇼핑하기 힘듭니다. 제것만 그런지 상품누르면 한페이지 안에 모든 상품이 안뜨고 옵션 1,2정도로 몇개만 뜨고 꼭 를 눌러야 전 옵션이 보입니다. 그 중 하나 눌러서 보고 뒤로가기 누르면 다시 리셋되어 옵션 1,2 몇개 뜨고 다시 상세정보더보기 눌러야해요. 11번가는 전혀 그런게 없이 전옵션이 한페이지에 뜨는데 지마켓은 계속 그렇게 떠서 귀찮아서 잘 안들어가게 됩니다. 수정 좀 해주세요",1,양**,지마켓
PLAY_gmarket_000275,google_play,2025-12-04,옥션이랑 같이 사용하면 쿠폰이 2배 기쁨이 2배 으흐흐흐,5,Y***,지마켓
PLAY_gmarket_000277,google_play,2025-12-04,쿠팡과 같은 실수하지 마세요 g마켓만 쓸게요,5,강*,지마켓
PLAY_gmarket_000278,google_play,2025-12-04,오랫동안 이용해온 사람으로서 발전해온점 칭찬합니다,5,김**,지마켓
PLAY_gmarket_000279,google_play,2025-12-04,지마켓도무단도용이라고뉴스가뜨던데 맞나요 뉴스에서 날리라고하던데,1,김**,지마켓
PLAY_gmarket_000280,google_play,2025-12-04,선택의 편하고 가격이 착해서 품질도 좋아요,5,김**,지마켓
PLAY_gmarket_000282,google_play,2025-12-03,쿠폰 한번에 받기 만들기 힘드시나요 아직도 옛날방식 그대로네 ㅡㅡ^ 신고하기도 않됨 시스템 장애가 심각하네요,1,김**,지마켓
PLAY_gmarket_000283,google_play,2025-12-03,ㅋㅋㅋ생축쿠폰줬다 너프시키네 ㅋㅋㅋㅋ,1,이**,지마켓
PLAY_gmarket_000284,google_play,2025-12-03,다른 곳보다 싼게 많음,5,성**,지마켓
PLAY_gmarket_000285,google_play,2025-12-03,쿠. 뭐보다 못한게 없음.,5,C*********,지마켓
PLAY_gmarket_000288,google_play,2025-12-02,웃긴다 물건시키지않았는데 물건도착하면 탈퇴하라고???? 뭔 물건??,1,하**,지마켓
PLAY_gmarket_000291,google_play,2025-12-02,경제적인 가격들이 많은 곳이네요~~^^,5,문**,지마켓
PLAY_gmarket_000292,google_play,2025-12-02,중복쿠폰 받았다면서 못씀 사실 받지도 못했다거나 아니면 다은 쿠폰이랑 중복으로 쓸 수 없는 중복쿠폰이였다?,2,이**,지마켓
PLAY_gmarket_000294,google_play,2025-12-02,좋아요..매번 잘 구매해서 쓰고있습니다.,4,정**,지마켓
PLAY_gmarket_000295,google_play,2025-12-02,"회사물품 구매할때 주로 쓰는데 배송지변경 눌렀을때 배송지이름 검색가능하게, 카드전표 일괄 출력기능 있으면 더 편리하게 구매가능해서 좋을것같습니다.",4,김**,지마켓
PLAY_gmarket_000297,google_play,2025-12-01,늘 좋은상품 싸게 파는 지마켓 감사합니다ㆍ,5,김**,지마켓
PLAY_gmarket_000298,google_play,2025-12-01,최저가로 구매힐수 있어서 자주 사용 합나다,5,s*******,지마켓
PLAY_gmarket_000299,google_play,2025-12-01,이유는 모르겠지만 G마켓 하고 옥션 APP은 홈이외의 페이지를 제대로 불러오질 못하거나 무한 로딩이 너무 잦네요 ; 캐쉬 지우거나 다시 해봐도 얘네들만 그래요. 주문 하기도 10에 8번은 무한로딩..,1,사***,지마켓
PLAY_gmarket_000300,google_play,2025-12-01,혜택 좋아진거 좋고 상품 품질도 괜찮아요.,5,s********,지마켓
PLAY_gmarket_000301,google_play,2025-12-01,U클럽 할인 해택으로 저렴하게 구매했습니다.,5,S***********,지마켓
PLAY_gmarket_000302,google_play,2025-11-30,대략 2주전부터 지마켓만 엄청 느리고 장바구니에 가보면 맨위에 담긴 상품이 하얀배경으로 한~~~~참 후에 열림. 터치해도 잘 안 먹고 한참 걸림. 다른 핸드폰도 같은 상황임. 답답해서 시장보기 힘들어요.ㅠㅠ 그래서 업뎃해야하나 보니 그것도 아님. 어찌하나요???,1,커***,지마켓
PLAY_gmarket_000303,google_play,2025-11-30,문제 해결이 빨라 좋아요,5,송**,지마켓
PLAY_gmarket_000305,google_play,2025-11-30,저렴하게 구매했습니다.,5,라**,지마켓
PLAY_gmarket_000309,google_play,2025-11-29,안쓰고있었는데 광고보고 개웃겨서 왔음ㅋㅋㅋㅋㅋ,5,l***********************,지마켓
PLAY_gmarket_000310,google_play,2025-11-28,가족 같은 마켓이네요~,5,김**,지마켓
PLAY_gmarket_000315,google_play,2025-11-26,쿠팡보다는 편리함에 좋다,5,자**,지마켓
PLAY_gmarket_000316,google_play,2025-11-26,새벽배송 안해도 되니 피해주세요. 좀 일찍 먹고자 남의 죽음을 제촉해고 싶지 않아요,5,홍**,지마켓
PLAY_gmarket_000317,google_play,2025-11-26,좋은상품 감사합니다 ..,5,박**,지마켓
PLAY_gmarket_000318,google_play,2025-11-26,살라고하는데도 어플이 너무느려서 결제도안되고 화면 넘어가지도 않고 이상해요,1,용*,지마켓
PLAY_gmarket_000320,google_play,2025-11-25,가격도 저렴하고 너무 좋아요~,5,이**,지마켓
PLAY_gmarket_000321,google_play,2025-11-25,저령하고 늘 이용하는싸이트예요~~,5,주**,지마켓
PLAY_gmarket_000322,google_play,2025-11-25,좋은 상품을 편리하고 빠르게 배송받을 수 있어 늘 감사하고 있습니다. ^ ^,5,장**,지마켓
PLAY_gmarket_000323,google_play,2025-11-24,"해외에서 사용중인데, 갑자기 장바구니가 안 열리네요 ㅜㅜ 랩탑으로는 되는데, 폴드 6로는 안됨.... 인터넷이 느려서 그런가....",5,오**,지마켓
PLAY_gmarket_000326,google_play,2025-11-24,알리에. 회원정보 넘기지 맙시다,5,공**,지마켓
PLAY_gmarket_000330,google_play,2025-11-19,이벤트 좋아요 스말 캐쉬도 👍,5,E**********,지마켓
PLAY_gmarket_000332,google_play,2025-11-19,포인트 쌓이는게 즐겁네요,5,신**,지마켓
PLAY_gmarket_000334,google_play,2025-11-18,열심히 하는 것 같음...!,5,T*******,지마켓
PLAY_gmarket_000335,google_play,2025-11-17,가격비교가 다양해요,5,윤***,지마켓
PLAY_gmarket_000337,google_play,2025-11-16,요즘왜케 너무 느려요 답답답답 상품평쓸때도 느리고 걀제할때도 느리고 왜죠 수취 확인 버튼이 잘 안 돼요,4,유**,지마켓
PLAY_gmarket_000338,google_play,2025-11-16,좋아요다음기회에다시구입하겠습니다,5,정**,지마켓
PLAY_gmarket_000339,google_play,2025-11-15,다른데보다 조금 싸네요,4,양**,지마켓
PLAY_gmarket_000341,google_play,2025-11-15,가격 대박 감사합니다,5,남****,지마켓
PLAY_gmarket_000342,google_play,2025-11-14,"품질,가격,신속배달,가성비갑!!",5,이**,지마켓
PLAY_gmarket_000343,google_play,2025-11-14,"검색결과가 좀 아쉬운 ,, 그리고 응대가 느린마켓이 많고... 전반적으로 UX&UI 쿠팡이나 네이버 등 보고 개선좀 시키면 좋을거같아요 좀아쉬운데로 잘쓰고있습니다",4,박**,지마켓
PLAY_gmarket_000344,google_play,2025-11-13,"good price, rapid delivery!",5,H**********,지마켓
PLAY_gmarket_000346,google_play,2025-11-13,홈페이지가 발전하는 모습입니당~,5,이**,지마켓
PLAY_gmarket_000348,google_play,2025-11-12,잠자고있던포인트쓸수있어서좋네요,5,오*********,지마켓
PLAY_gmarket_000349,google_play,2025-11-12,카드 결재가 안되고 에라뜸.다섯번 시도하다.롯데온에서 구매함.,1,이*,지마켓
PLAY_gmarket_000350,google_play,2025-11-11,총알배송인가요? 배송이 빨라요^^,5,안**,지마켓
PLAY_gmarket_000353,google_play,2025-11-11,구매할때마다 항상 대만족입니다,5,박**,지마켓
PLAY_gmarket_000354,google_play,2025-11-11,광고보고 깔아본다 ㅋㅋ,5,공***,지마켓
PLAY_gmarket_000356,google_play,2025-11-11,"u클럽 할인, 캐쉬사용해서 정말 싸게 샀어요, 감사합니다.",5,y*******,지마켓
PLAY_gmarket_000358,google_play,2025-11-11,더더욱 저렴하게 쇼핑할수있도록 많은혜택 부탁드립니다~~^^,5,정**,지마켓
PLAY_gmarket_000361,google_play,2025-11-10,얼음꽁꽁 냉동 잘되어 배송받았어요 좋아하는 치아바타 샌드위치 쟁겨놓고 먹네요,5,이**,지마켓
PLAY_gmarket_000362,google_play,2025-11-10,좋아요. 굿. 자주 이용,5,다****,지마켓
PLAY_gmarket_000365,google_play,2025-11-09,건강관리용주문합니다꾸준한관리,5,정**,지마켓
PLAY_gmarket_000366,google_play,2025-11-09,상품도 좋고 기성비 역시 좋아요 식상활에 도움이 됩니다,4,안**,지마켓
PLAY_gmarket_000367,google_play,2025-11-09,쿠폰이 많아서 좋아요.,5,구**,지마켓
PLAY_gmarket_000368,google_play,2025-11-09,가격도싸고 배송도빠르고 믿을수있는 좋은 제품으로 믿고구매합니다.,5,장*,지마켓
PLAY_gmarket_000369,google_play,2025-11-08,쿠폰 적용이 편리해서 좋아요.,5,h**********,지마켓
PLAY_gmarket_000370,google_play,2025-11-08,말해 무엇 신나는 쇼핑중,5,e***********,지마켓
PLAY_gmarket_000371,google_play,2025-11-08,쎄일기간에 판매가가 더 비싸지는 지마켓~,1,양**,지마켓
PLAY_gmarket_000372,google_play,2025-11-08,우리나라 쇼핑몰에서 중국상품이 85%면 이게 중국쇼핑몰이지 우리나라 쇼핑몰이냐? 그리고 교묘하게 선택란에 추가금액을 넣고 판매자나 운영자나 다 사기꾼이들야.,1,김***********,지마켓
PLAY_gmarket_000373,google_play,2025-11-08,휴대폰으로는 결재가 잘 되는데 컴퓨터에서는 왜 결재가 안되는지 알고 싶어요,3,S**********,지마켓
PLAY_gmarket_000374,google_play,2025-11-08,신속 한배달 바라니다,1,조**,지마켓
PLAY_gmarket_000375,google_play,2025-11-08,싼 가격에 잘 샀습니다,4,타*****,지마켓
PLAY_gmarket_000376,google_play,2025-11-07,말이 필요없다 사용해보시면 무슨 말인지 알겁니다!!! 👍,5,장**,지마켓
PLAY_gmarket_000377,google_play,2025-11-07,아주아주 만족합니다 감사합니다,5,김**,지마켓
PLAY_gmarket_000379,google_play,2025-11-07,가격이 저렴해요 쇼핑이 쉬워요,5,윤**,지마켓
PLAY_gmarket_000380,google_play,2025-11-07,25년 이상 이용하고 있습니다. 쿠폰 쓰면 쿠팡보다 저렴한거 많아서 주로 여기서 사게 됩니다.,5,서**********,지마켓
PLAY_gmarket_000382,google_play,2025-11-06,지마켓 빅스마일데이 넘 좋아요 자주 해주세요 평소에도 행사 꾸준히 해주세요,4,라**,지마켓
PLAY_gmarket_000384,google_play,2025-11-06,광고보고 다시 왔습니다. ㅈㅁㅋ 화이팅!,5,J*,지마켓
PLAY_gmarket_000385,google_play,2025-11-06,가격과 빠른 배송 좋아요,5,김**,지마켓
PLAY_gmarket_000386,google_play,2025-11-06,자주구매하는상품 좋아요,5,S***********,지마켓
PLAY_gmarket_000388,google_play,2025-11-06,"지마켓은 고객의 시간을 도둑질 하는 악질 기업인 듯. 아주 오랜 시간을 들여 캐시팩토리 스마일 캐시 이벤트에 참여 완료 하였으나, 2건이나 스마일 캐시가 지급되지 않아 문의를 남겨도 2개월 가까이 외면 하고 있음. 지마켓 및 옥션이 망해가고 있는 게 당연한 듯 싶음. 이딴식으로 장사하는 회사가 잘 될리가 없을터. 지마켓은 똑바로 장사하시길 바람.",1,손**,지마켓
PLAY_gmarket_000389,google_play,2025-11-06,"할인행사 좋고, 최근 TV광고 참신합니다.",4,제***,지마켓
PLAY_gmarket_000390,google_play,2025-11-05,베리 베리 🍓 굿 👍,5,여***,지마켓
PLAY_gmarket_000391,google_play,2025-11-05,여기에서는 상품이 정말 다양하고 품질도 좋지만 문제는 가격이 다소 조금 비싼 편이여도 심지어 신세계 유니버스 클럽회원까지 가입하면 할인행사 이벤트는 물론이고 게다가 수많은 할인쿠폰으로 제공해드려서 일반회원보다 저렴하고 스마일페이로 등록한 다음에 계좌이체나 카드결제로 하면 신세계포인트까지도 적립되므로 오히려 즐겁게 쇼핑을 할 수는 있어서 기분이 진짜 너무너무 좋아지는 상태네요^^~~🤩🤩😍😍🥰🥰😊😊 이제부터는 앞으로도 즐겁고 행복해지는 쇼핑으로 더욱 자주자주 이용하겠습니다~~!⌃⌃👍👍👍👍👍,5,홍**,지마켓
PLAY_gmarket_000393,google_play,2025-11-05,빅스마일데이 행사ㅋㅋㅋㅋ 사려고 했던 물건들이 더 비싸지는 매직,1,치*,지마켓
PLAY_gmarket_000394,google_play,2025-11-05,지마켓 애용자로서 번창하길 바람니다ᆢ^-^,5,박**,지마켓
PLAY_gmarket_000396,google_play,2025-11-05,사용하기 편리해요. PC로만 쇼핑하던 사람인데도 불편함없이 사용하게 되네요~,5,한***,지마켓
PLAY_gmarket_000397,google_play,2025-11-05,쿠폰을 사용해서 저렴하게 구매할 수 있어 좋아요^^,5,혜**,지마켓
PLAY_gmarket_000398,google_play,2025-11-05,아주좋아요 감사합니다,5,이**,지마켓
PLAY_gmarket_000400,google_play,2025-11-04,혜택이즉시즉시~참좋네요,5,K***********,지마켓
PLAY_gmarket_000401,google_play,2025-11-03,첫구매라 아직은 잘 모르겠지만 개속 거리해보고 의견 또 올리께요,4,강**,지마켓
PLAY_gmarket_000402,google_play,2025-11-03,앱이무거워서 언젠가부터 안들어감,1,모*****,지마켓
PLAY_gmarket_000404,google_play,2025-11-03,고물가 시대에 1tb 를 7.6으로 저렴하게 구입했네요. 마침 필요했었는데 말이죠.,5,S***********,지마켓
PLAY_gmarket_000406,google_play,2025-11-02,2만원 쿠폰이벤트 왜 이벤트 참여대상이 아니라고 뜨나요,1,가****,지마켓
PLAY_gmarket_000408,google_play,2025-11-02,배송후에 다시 찐후기 올릴게요~,4,빵***,지마켓
PLAY_gmarket_000409,google_play,2025-11-02,결제 환불이 바로이어져서 좋아요,4,황**,지마켓
PLAY_gmarket_000410,google_play,2025-11-02,빅세일때 할인 많이해서 좋아요😀,5,정**,지마켓
PLAY_gmarket_000411,google_play,2025-11-01,할인 행사가 많아서 좋아요~^^,4,김**,지마켓
PLAY_gmarket_000412,google_play,2025-11-01,스마일캐시 어떻게해도 개명전 이름으로 나오고 토스 간편결제도 실패했습니다. 일반 카카오뱅크 결제로 겨우 구매완료. 계속되는 렉과 버벅임. 앱자체가 갑갑합니다,2,문**,지마켓
PLAY_gmarket_000414,google_play,2025-11-01,좋은제품 싸게 사서 좋네요,5,마**,지마켓
PLAY_gmarket_000418,google_play,2025-10-31,이번에 g마켓 광고보고 빵 터져서 다시 어플 설치한 1인... 쿠팡은 미국거니 지마켓을 써보겠습니다아~ 흥하세요~,5,J*******,지마켓
PLAY_gmarket_000419,google_play,2025-10-31,"경쟁력있는 가격, 좋아요! ^^",5,K*****,지마켓
PLAY_gmarket_000420,google_play,2025-10-30,사랑해요 지마켓 제품이 너무 좋아요,5,김**,지마켓
PLAY_gmarket_000422,google_play,2025-10-30,감사합니다 만족합니다,5,김**,지마켓
PLAY_gmarket_000423,google_play,2025-10-29,참신한 상품이 많아 좋아요,5,미**,지마켓
PLAY_gmarket_000425,google_play,2025-10-29,안녕하세요. 너무 좋아요. 다시 재설치 합니다. 프로그램이 에러가 나서요. ^.~★ 하하하 키키5000.^.~,5,D***********,지마켓
PLAY_gmarket_000429,google_play,2025-10-28,한꺼번에 다양한상품을 살수있어서 좋아요,5,홍*******,지마켓
PLAY_gmarket_000431,google_play,2025-10-28,가격도 배송도 품질도 좋아요,5,정**,지마켓
PLAY_gmarket_000433,google_play,2025-10-27,저렴하게 잘산것 같아 좋아요,4,김**,지마켓
PLAY_gmarket_000435,google_play,2025-10-26,다양한 할인쿠폰 제공과 편리한 결제,5,정**,지마켓
PLAY_gmarket_000436,google_play,2025-10-26,간편식이고 맛도있고 가격도 저렴해서 자주 주문해서 먹고 있습니다,5,한**,지마켓
PLAY_gmarket_000437,google_play,2025-10-26,20년이상 애용 중,5,c*************,지마켓
PLAY_gmarket_000440,google_play,2025-10-25,브랜드 저렴한 의류제품 특히 좋아요,5,김**,지마켓
PLAY_gmarket_000441,google_play,2025-10-25,솔직히 클럽할인보다 꾸준히 사용안하는 사람쪽 할인혜택이 더 많아서 클럽 왜하냐는 느낌,2,이**,지마켓
PLAY_gmarket_000442,google_play,2025-10-24,그냥 1점. 쓰다보면 느낌,1,이***,지마켓
PLAY_gmarket_000443,google_play,2025-10-24,저는 지 마켓 앱이 사용하기 제일 편리해서(깔끔) 물건은 가급적 지마켓에서 사요. *팡처럼 반품비무료이면 *팡따라잡을수 있지 않을까요? 검색 다양성은 네이버가 더 낫고요.,5,김**,지마켓
PLAY_gmarket_000444,google_play,2025-10-23,저렴하게 잘샀습니다,5,박**,지마켓
PLAY_gmarket_000447,google_play,2025-10-22,상품이 빠른게 옵니다.,5,임**,지마켓
PLAY_gmarket_000448,google_play,2025-10-22,trouble shooting: 프리미엄 상품평을 앱에서 작성시 언제부터인가 (아마도 특정 업데이트 이후부터) 엄청 불편해졌어요. 키보드가 화면 절반을 가리고 있을 때 키보드보다 더 아래에 깔려 보여지는 상품평 작성 중 화면이 스크롤 업하면서 위로 올라가야 하죠. 그래야 작성 중인 커서가 보이고 상품평을 쓰면서 교정을 하잖아요. 근데 작성화면이 스크롤 업이 안되고 고정되어 있어서 어디에 오타가 났는지 알 수도 없고 작성 중인 커서가 보이지 않아요. 본인이 쓰는 글을 보면서 쓸 수가 없고 안 보이는데 써야하는 답답한 상황이 돼버렸어요. 수정하기도 완전 불편하고요. 이러니까 고객들이 프리미엄 상품평을 짧게 쓰죠. ㅠ 상품평 작성 중일 때도 스크롤 업을 해서 작성 중인 커서가 보이게 해주세요. 안 보이는 채로 글 쓰는 게 얼마나 답답한지 모르시죠?,4,A************,지마켓
PLAY_gmarket_000449,google_play,2025-10-22,오랫동안 이용했어요~,5,s*****,지마켓
PLAY_gmarket_000450,google_play,2025-10-22,가성비 좋은 G마켓 자주 이용합니다.,5,김**,지마켓
PLAY_gmarket_000451,google_play,2025-10-22,좋아요.자주 써요할인쿠폰도 자주 주이가 좋아요,5,상*,지마켓
PLAY_gmarket_000456,google_play,2025-10-20,TV홈쇼핑 보고 검색해서 저렴하게 샀어요.,4,이**,지마켓
PLAY_gmarket_000457,google_play,2025-10-20,지마케 U클럽 까지 유료로 쓰는데 어플로 광고알림 하루에 5개는 심한거아니냐? 앱에서 광고 끄는버튼도없다 핸폰설정 앱에서 지마켓알림 아예 꺼야한다 그럼 배송보냈다 어디쯤왔다 이거 알림확인 못한다 ㄱ 너무한다,1,올*****,지마켓
PLAY_gmarket_000459,google_play,2025-10-20,웹에서 상품링크를 누르면 무조건 앱이 켜지는데 그냥 켜지기만 하고 상품은 안보여줌 쇼핑을 하지 말라는 건가,1,r*******,지마켓
PLAY_gmarket_000460,google_play,2025-10-20,스타배송 연회비 5000원이면 배송비 뽑고 괜찮은거 같음. 블루포인트 남는거도 교환 가능하고,5,K**,지마켓
PLAY_gmarket_000461,google_play,2025-10-19,어플이 이상함.스크롤 내리기만할뿐인데 상품이 다 클릭됨. 스크롤 내려서 상품 보기가 힘듬. 터치가 너무 예민함.지마켓어플만 유독이런다,3,정**,지마켓
PLAY_gmarket_000462,google_play,2025-10-19,행사할인 자주해서 좋네요.,5,김**,지마켓
PLAY_gmarket_000465,google_play,2025-10-18,개 편함 쓸데없는 버그도 본 적 없음,5,뉴**,지마켓
PLAY_gmarket_000466,google_play,2025-10-18,언제든지 편리하고 간단하게 쇼핑해서 좋아요 추천합니다 😀 😄,5,신**,지마켓
PLAY_gmarket_000468,google_play,2025-10-17,좋아요 ~~~~여기 지마켓 만 이용중~~~,5,이**,지마켓
PLAY_gmarket_000469,google_play,2025-10-17,스마일캐시 쓰는 재미로 들어옵니다.,5,김**,지마켓
PLAY_gmarket_000471,google_play,2025-10-17,제품 배송 빠릅니다,5,g*********,지마켓
PLAY_gmarket_000473,google_play,2025-10-15,sk유저리 11번가만 썻는데 g마켓이 젤 저렴함 굿굿,5,박**,지마켓
PLAY_gmarket_000476,google_play,2025-10-14,아주 좋아요 😀 👍🏾 😀 👍🏾,5,E******,지마켓
PLAY_gmarket_000478,google_play,2025-10-13,출첵 어디갔나? 오류로 인해 탭이 사라졌었으면 그 날 출첵 못했던건 한걸로 인정해줘야 하지 않나? 저렇게 말만 하면 끝인가? 어이없네,1,t*********,지마켓
PLAY_gmarket_000480,google_play,2025-10-12,너무좋아요 감사합니다,5,김**,지마켓
PLAY_gmarket_000483,google_play,2025-10-12,계속해서구매해사용하고있는데케이스가편리하고 좋네요.,5,정*,지마켓
PLAY_gmarket_000484,google_play,2025-10-11,운영에 있어서 실망시킨적이 없어요,5,J***********,지마켓
PLAY_gmarket_000485,google_play,2025-10-11,"지마켓 가격도 한번씩 저렴하고 혜택도 많으나, 네이버에서 넘어갈때 해당제품이 바로 현출되지 않고 홈화면이 나와 불편해요 좋은 제품 잘 홍보하고 다시 찾게하는 수고를 만들어 지마켓이면 다시 나와버리네요!!",3,도**,지마켓
PLAY_gmarket_000486,google_play,2025-10-11,옛날g마켓보다 사고싶은 선택지가 많이없고 비쌉니다 똑같은 물건인데. 쿠팡비해서,3,후***,지마켓
PLAY_gmarket_000487,google_play,2025-10-11,",물건이 꼭 확보되었고. 스마일 회원할인적용이 자영업자에게 도움되어요. 다만 조금만 더 빠르게 오면.안심되어여.",5,진**,지마켓
PLAY_gmarket_000488,google_play,2025-10-11,언제나 지마켓 애용자입니다^^,5,권**,지마켓
PLAY_gmarket_000490,google_play,2025-10-10,너무 좋은 구매 였어요,5,우*,지마켓
PLAY_gmarket_000491,google_play,2025-10-10,유니버스 클럽가입해서 구매하니 인터넷 최저가라서 좋아요!!,5,손**,지마켓
PLAY_gmarket_000492,google_play,2025-10-10,자주 이용하는곳임니다 제품이 좋고 저렴해요,5,박**,지마켓
PLAY_gmarket_000496,google_play,2025-10-08,최근에 캐시팩토리 잘 돼서 좋았는데 또 참여할 수 있는 광고가 없다고 나오네요...,4,김**,지마켓
PLAY_gmarket_000497,google_play,2025-10-08,마무리 잘 안돼 서힘드네요,4,신**,지마켓
PLAY_gmarket_000498,google_play,2025-10-08,간단하고 빨라서좋아요^^ 배송도 빠를것으로믿습니다!,5,김**,지마켓
PLAY_gmarket_000499,google_play,2025-10-08,스마일카드 혜택 받으면 여기가 제일 저렴해요~,5,부***,지마켓
PLAY_gmarket_000500,google_play,2025-10-07,결제 쉽고 간편하고 빠르게 처리되어 만족합니다 해외직구라 개인통관번호가 필요하네요 물건 잘 받으면 추가로 인증하겠습니다,4,J********,지마켓
PLAY_gmarket_000502,google_play,2025-10-06,가격도 싸고 배송빨라요 상담도 친절하고요,5,M****,지마켓
PLAY_gmarket_000503,google_play,2025-10-05,10월4일 일일출석을 안보이게했다가 보이게 만드는데 짜증나네 한달출석 300원주는게 아까운가봄 치사하다,1,최**,지마켓
PLAY_gmarket_000505,google_play,2025-10-04,"오늘 갑자기 출석체크하는 게 안 보여요 쿠폰&출첵이라고 아이콘은 그대로 보이는데 누르면 원래 뜨던 출첵 룰렛이 사라졌고, 쿠폰만 쫘르륵 뜹니다 아무리 찾아도 안 보이는데 출첵 매일 해서 스마일페이 300 얻던 사람인데 이거 얼른 하루 지나기 전에 복구해주세요 +다행이네요 다시 생겼어요",1,R*****,지마켓
PLAY_gmarket_000506,google_play,2025-10-04,"25년 10월 4일 [쿠폰/출첵] 메뉴에서 ""출석체크"" 아이콘 사라짐현상 발생, 고객게시판이 없어서 문의도 안되었는데 리뷰 올리니 바로 복구됨",2,날***,지마켓
PLAY_gmarket_000507,google_play,2025-10-04,이번 업데이트는 머지??? 아주 다른데로 가라고 악을쓰네,1,김**,지마켓
PLAY_gmarket_000509,google_play,2025-10-04,포인트를 곧장 캐쉬로 주면 좋겠습니다 10월 4일 출석이 없어졌어요.,4,김********,지마켓
PLAY_gmarket_000510,google_play,2025-10-04,출첵에 터치하면 출첵 화면이 없어졌는데...출책을 어케하나?왜 갑자기 없어졌나요? 출책 해야는데....아 짜증 나네...머 이런 경우가...,2,김**,지마켓
PLAY_gmarket_000512,google_play,2025-10-04,여긴 쿠폰을 줘도 다른 쇼핑몰보다 비쌈! 신용카드 혜택으로 10% 할인을 받아도 다른 곳보다 비쌈! 연료첨가제 1+1 할인한데서 구매했는데 사용 권장기간이 제조일부터 3년인 제품인데 권장기간이 넘은 제품이 옴. 귀찮아서 그냥 사용할려는데 그나마 1개는 첨가제가 밖으로 샘. 교환신청했는데 10일이 지나도 소식이 없어서 문의 글로 재촉하니 보내 줌. 근데 내가 보내기 전 멀쩡한 제품과 비교사진을 찍었는데 내가 보낸 게 다시 옴. 그래놓고 교환완료로 마무리 함. 이것들 제 정신이 아닌 거 같음!,1,K*****,지마켓
PLAY_gmarket_000513,google_play,2025-10-04,출첵이 갑자기 사라졌네요.. 분명 출석하는 탭인데..보이지도 않고 광고만 보이네요. 출석 이벤트는 끝인가요? 이제는 생일 쿠폰도 없고.. 지마켓.. 애용자로써 많은 생각이 듭니다..,1,고**,지마켓
PLAY_gmarket_000514,google_play,2025-10-04,지금 저만 출첵 안보이는 걸까요....,1,f******,지마켓
PLAY_gmarket_000516,google_play,2025-10-04,갑자기 출석체크가 안보여요.어디에서 출첼하나요?,4,밤**,지마켓
PLAY_gmarket_000517,google_play,2025-10-04,출석체크가 안됩니다ㅡㅡ,3,정**,지마켓
PLAY_gmarket_000518,google_play,2025-10-04,출석체크가 안되네요,3,김**,지마켓
PLAY_gmarket_000519,google_play,2025-10-04,왜 자꾸 버그가 있다면서 앱이 강제종료되죠?,1,선,지마켓
PLAY_gmarket_000520,google_play,2025-10-04,검색하려면 앱 꺼짐,1,r*****,지마켓
PLAY_gmarket_000521,google_play,2025-10-04,업데이트후 갑자기출석체크가없어졌네요? 첫화면에있는데 들어가보면없어요? 어떻게된건지..,3,k*****,지마켓
PLAY_gmarket_000522,google_play,2025-10-04,아니 매일 출석체크 하는데 업데이트하니까 어디있는지 보이지도 않네 뭐이딴 업데이트를 하냐 짜증나게,1,김**********,지마켓
PLAY_gmarket_000523,google_play,2025-10-03,바보같음 자동입력방지문자 확대가 안되면 ... 깔아쓰고싶어도 아이디비번찾기가 바보같음 안쓰겠다,1,C****,지마켓
PLAY_gmarket_000525,google_play,2025-10-03,편하게 이용할수 있어 좋아요,5,맘***,지마켓
PLAY_gmarket_000527,google_play,2025-10-02,쿠폰으로 할인해서 좋아요,5,A**********,지마켓
PLAY_gmarket_000528,google_play,2025-10-02,정확한 품질일 확률이 90%인것 같아요. 업체들이 워낙 많고 다양하다보니 잘 따져보고 구매필요.선택에 실망도 따릅니다.,4,박**,지마켓
PLAY_gmarket_000529,google_play,2025-10-01,쇼핑하기 참 편안합니다 미적용 쿠폰도 자동다운로드...ㅎ,5,미*,지마켓
PLAY_gmarket_000530,google_play,2025-10-01,아 지금은 모든 기능 정상으로 잘됩니다. 폰도 이제 노트 5 아니고요.. 제가 별점만 5로 수정하고 내용을 내버려둬서 오해를 불러왔네요.,5,J*********,지마켓
PLAY_gmarket_000531,google_play,2025-09-29,타사 대비 가격저렴하고 빠른 배송 칭찬합니다~~~,5,태******,지마켓
PLAY_gmarket_000532,google_play,2025-09-29,상품이 좋고 가격도 저렴해서 좋아요,4,김**,지마켓
PLAY_gmarket_000533,google_play,2025-09-29,로그아웃이무슨밥쳐먹듯이되네참나,1,축**,지마켓
PLAY_gmarket_000534,google_play,2025-09-29,만족 ㆍ만족ㆍ 난 지금,5,한**,지마켓
PLAY_gmarket_000535,google_play,2025-09-29,쿠*처럼 풍성하고 다양하고 저렴함 좋겠습니다 감사합니다,5,정**,지마켓
PLAY_gmarket_000536,google_play,2025-09-28,자주이용하는 인터넷 쇼핑. 쿠폰 잘 활용하면 너무싸짐,5,용*,지마켓
PLAY_gmarket_000537,google_play,2025-09-28,불편함이 크게 없이 괜찮게 사용중입니다.,5,알***,지마켓
PLAY_gmarket_000540,google_play,2025-09-28,쿠폰 적용할때 본인인증을 했는데 뒤로 돌아와서 쿠폰적용을 해보니까 본인인증을 또 하라네요 이 점은 개선해주세요,2,트**,지마켓
PLAY_gmarket_000544,google_play,2025-09-28,"유니버스클럽 가입으로 바로 사용할수있는 5,000을 준다고 봤습니다. 보지못한 작은 글씨가 있는지 몰라도 아직 못 받아서 5,000사용을 못해서 화가 납니다.",3,박**,지마켓
PLAY_gmarket_000545,google_play,2025-09-27,세일가 저렴하게 사서 좋아요👍,5,김**,지마켓
PLAY_gmarket_000546,google_play,2025-09-27,"과거 대비 구성, 편의 등 많이 좋아졌습니다^^",5,S*********,지마켓
PLAY_gmarket_000547,google_play,2025-09-27,품질좋코 값이 딴데보다저렴해서 좋아요.,4,양**,지마켓
PLAY_gmarket_000548,google_play,2025-09-26,늘 주문하는데 할인률도 높고 배송도 빠릅니다.,5,킹***,지마켓
PLAY_gmarket_000549,google_play,2025-09-25,물건 늣게 도착으로 불편합니다 조치합니다,5,전****,지마켓
PLAY_gmarket_000550,google_play,2025-09-24,지난번보다 가격이 내려 속상하지만 또 구매해요,4,최**,지마켓
PLAY_gmarket_000551,google_play,2025-09-23,☆☆☆☆☆☆☆☆☆☆☆☆☆☆☆,5,심**,지마켓
PLAY_gmarket_000552,google_play,2025-09-23,착한 가격으로 잘 샀어요,5,정**,지마켓
PLAY_gmarket_000553,google_play,2025-09-23,항상 편리하게 쇼핑할 수 있어 좋아요,5,윤**,지마켓
PLAY_gmarket_000554,google_play,2025-09-22,쿠폰준다고 광고배너가 왜자꾸뜨나요 쿠팡도아니고 쇼핑하려다 끄기바빠요,1,즐******,지마켓
PLAY_gmarket_000555,google_play,2025-09-22,가격 저렴 쿠폰제공,5,하**,지마켓
PLAY_gmarket_000556,google_play,2025-09-22,구매가 쉽고 편리합니다. 만족.,5,김**,지마켓
PLAY_gmarket_000557,google_play,2025-09-22,예전에 알리 테무에서 샀지만 지금은 거기 안사고 지마켓 쿠팡만 이용해요.,5,s********,지마켓
PLAY_gmarket_000559,google_play,2025-09-22,지메일 로그인 -> 쿠폰사용 본인인증 -> 로그인 무한반복,1,m********,지마켓
PLAY_gmarket_000560,google_play,2025-09-22,쿠폰 잘 챙겨주겨서 저렴해요.감사합니다,5,지**,지마켓
PLAY_gmarket_000563,google_play,2025-09-21,몇 년째 사용했던 지마켓. 변함없어서 좋아요. 좋은 상품 많이 많이 올려주세요.,5,성**,지마켓
PLAY_gmarket_000564,google_play,2025-09-21,"간편 편리한 제품 조회,신뢰가는 사이트,간편한 결제",5,전**,지마켓
PLAY_gmarket_000565,google_play,2025-09-21,"가격싸지, 배송믿을수 있지, 물건 틀림없지 더 필요할게 있음??",5,강**,지마켓
PLAY_gmarket_000566,google_play,2025-09-20,ㅡ누도느ㅡ3553ㅡㅡ느ㅡㅡㅜㅡㅡㅡㅡㅡㅜㅡㅡㅡㅡㅡㅡㅡㅡ,1,박**,지마켓
PLAY_gmarket_000567,google_play,2025-09-19,스마일캐쉬머니가 잘 쓰여지길,4,김**,지마켓
PLAY_gmarket_000570,google_play,2025-09-19,가격 할인되서 좋습니다 good,5,하**,지마켓
PLAY_gmarket_000575,google_play,2025-09-18,별하나도 아까워~~!!! 뷁~~!!! G마켓아 제발 관리좀 해요 사람 가지고 농락 하는것도 아니고 물건시켰더니 죄송하다고 물건없다고하고 왜 관리못해서 없는물건을 올려 놓는지 이해가 안가넷 처음에는 그러려니 했는데 심지어 가전까지도 금액 잘못 올렸다고 취소해달라고 하고 다시 시키려고 접속했더니 매진이라고 ..... 어이가 없어서~~!!! 관리좀 똑바로 하세요 정말 화가 나네요,1,김**,지마켓
PLAY_gmarket_000576,google_play,2025-09-18,"지마켓,옥션 좋아요 쿠폰도 많이 자주 제공해 주어서 오프라인보다 저렴하게 이용하고 있습니다",5,B*******,지마켓
PLAY_gmarket_000577,google_play,2025-09-18,좋아요. 항상 잘 애용합니다.^^,5,b******,지마켓
PLAY_gmarket_000579,google_play,2025-09-17,좋습니다 g마켓 화이팅,5,하***,지마켓
PLAY_gmarket_000582,google_play,2025-09-17,결재도 간편하고 타시이트보다 저렴한가격 감사감사 합니다~,5,머***,지마켓
PLAY_gmarket_000583,google_play,2025-09-17,아 광고알림을 왜케 불쾌할정도로 넣는거지 이미 쇼핑앱인데,1,L*******,지마켓
PLAY_gmarket_000585,google_play,2025-09-16,친절하고 배송이 빠름,5,송**,지마켓
PLAY_gmarket_000586,google_play,2025-09-16,대체 재고가 없으면서 남은재고 몇백개 표시해두는건 무슨 어이없는 경우입니까? 그래놓고선 사과 한마디 없이 해외배송으로 전환한다며 매크로같은 메세지만 똑같은 내용으로 두번 보내고 환불신청 하니깐 환불 해주지도 않길래 로그인까지 해서 문의 할라니까 사이트 관리를 어떻게 한건지 오류걸렸다며 지마켓 홈화면으로 돌아가더라구요 이럴거면 쿠팡을 쓰지 이걸 왜쓰나요 대체? 니네가 더 나은게 뭔데?,1,이*,지마켓
PLAY_gmarket_000587,google_play,2025-09-16,배송도 빠르고 할인혜택도 좋아요,5,조**,지마켓
PLAY_gmarket_000588,google_play,2025-09-15,광고 맘에 들어서 갈아탐요 ㅋ.ㅋ,5,줍***,지마켓
PLAY_gmarket_000589,google_play,2025-09-15,제품이 많아서 좋아요.,2,김**,지마켓
PLAY_gmarket_000590,google_play,2025-09-14,빠른배송 감사합니당,5,김**,지마켓
PLAY_gmarket_000591,google_play,2025-09-13,좋은상품을 저렴하게 구입할수 있어서 참 좋습니다,5,오**,지마켓
PLAY_gmarket_000594,google_play,2025-09-12,쇼핑하기 편하고 좋아요,5,h**********,지마켓
PLAY_gmarket_000595,google_play,2025-09-12,동일 상품 대비 최저가가 많아서 좋아요!,5,지**,지마켓
PLAY_gmarket_000596,google_play,2025-09-12,사용이 간편합니다. 소비자 입장에서는 직관적인게 가장 좋아요 역시,5,이**,지마켓
PLAY_gmarket_000598,google_play,2025-09-12,지마켓에게 고마워요 할인과 쿠폰을 주어서 자주 이용 할께요,5,I********,지마켓
PLAY_gmarket_000599,google_play,2025-09-12,정교한 중복 할인!,5,알***,지마켓
PLAY_gmarket_000600,google_play,2025-09-11,있는지도 몰랐던 스마일머니로 결제할 수 있게 안내해줘서 너무 좋네욨!!,5,S************,지마켓
PLAY_gmarket_000602,google_play,2025-09-11,가격 저렴하게 구입했어요,5,성**,지마켓
PLAY_gmarket_000603,google_play,2025-09-11,편하게 잘이용하고있읍니다,5,여****,지마켓
PLAY_gmarket_000604,google_play,2025-09-11,우리나라 최악의앱 유니버스는 아무 혜택도 없는!!!!,1,양**,지마켓
PLAY_gmarket_000607,google_play,2025-09-10,할인 추가할인이 있어서 저렴한 금액 구입했습니다~,5,서**,지마켓
PLAY_gmarket_000608,google_play,2025-09-10,가격이 비싸고 가격 변동이 심함,2,서**,지마켓
PLAY_gmarket_000609,google_play,2025-09-10,쇼핑할때 가격비교 할수있어서 괜찮은점이 많아요.,5,전**,지마켓
PLAY_gmarket_000610,google_play,2025-09-10,배송 빠르고 상품 저렴하고 좋아요,5,이**,지마켓
PLAY_gmarket_000611,google_play,2025-09-10,편하고 좋아요 특가행사가 특히 좋아요,5,성**,지마켓
PLAY_gmarket_000613,google_play,2025-09-09,생활에 필요한 모든 제품을 편리하게 구입할수 있어 좋습니다 고객의 목소릴 좀더 경청해 주세요,5,J*******************,지마켓
PLAY_gmarket_000616,google_play,2025-09-09,최저가로 좋은 상품 잘 구매합니다~~~^^,5,배**,지마켓
PLAY_gmarket_000617,google_play,2025-09-09,검색하다보면 G마켓에 싸게 올라오는 물건이 꽤 있어서 자주 이용합니다.좋아요.,5,찐**,지마켓
PLAY_gmarket_000619,google_play,2025-09-09,도서구매는 무조건 지마켓,5,장**,지마켓
PLAY_gmarket_000621,google_play,2025-09-08,어플도 배송도 행사도 상품도 다 많이 좋아졌네요^^,5,최**,지마켓
PLAY_gmarket_000623,google_play,2025-09-08,값싼 물품들 중에 득템할 제품들이 많아요.,4,전**,지마켓
PLAY_gmarket_000625,google_play,2025-09-07,가격이 쿠팡보다 많이 저렴하네요.,5,소****,지마켓
PLAY_gmarket_000627,google_play,2025-09-06,가장 저렴하게 구입 한 것 같습니다.,5,김**,지마켓
PLAY_gmarket_000628,google_play,2025-09-06,건강 배송료가 부담됩니다,3,임**,지마켓
PLAY_gmarket_000630,google_play,2025-09-06,미처 챙기지 못한 쿠폰을 챙겨주는 센스. 지마켓의 매력이자 매우 큰 장점이죠. 망설이던 제품을 챙겨주신 쿠폰 덕분에 구매했습니다. 감사합니다^^,5,써**,지마켓
PLAY_gmarket_000631,google_play,2025-09-06,"배송 사기를 2번 당했습니다. 해외 대행 업체인데, 오늘 배송 태그를 달고 재고는 999개로 표기하여 혼란을 주었습니다. 문의를 드려 재고가 정확히 몇 개 남았냐고 물었지만, 답을 받지 못하고 일단 믿어보자는 생각으로 구매했습니다. 구매하자마자 재고가 없다며 통관 부호를 달라고 합니다. 문의는 무시하고 통관부호를 요구하는 속도는 고의성이 명백합니다 근데 지마켓의 문제는 대처가 진짜 많이 느리다는 거에요 1대1 상담 아니면 고객센터 문의로 1일 2일 걸려요 1번째 배송사기를 환불로 끝내자 마자 2번째 로 같은 수법으로 당하는개 맞나요? 처벌이 약해서 이런 수법을 사용한다고 생각합니다 검을 파는데 설명은 농기구 인것도 있었습니다 이게 맞나요?",4,は*******,지마켓
PLAY_gmarket_000632,google_play,2025-09-05,아주 좋은 가격에 주문이 넘 간편하네요.,5,한**,지마켓
PLAY_gmarket_000633,google_play,2025-09-05,배송지연 보상 천원 주고 딸랑 끝내면 다냐 이래서 너네가 망하는거야,1,림**,지마켓
PLAY_gmarket_000636,google_play,2025-09-04,배송을 빠르게 개선하길 요망합니다,2,T*****************,지마켓
PLAY_gmarket_000637,google_play,2025-09-03,화면볼때 눈이 편안해요,5,가***,지마켓
PLAY_gmarket_000638,google_play,2025-09-02,가격이 좋아요 ㅋ ㅋ,5,김**,지마켓
PLAY_gmarket_000639,google_play,2025-09-02,요즘 여러가지 이벤트 혜택도 많고 많이 좋아졌어요~ 화이팅!!,5,정**,지마켓
PLAY_gmarket_000640,google_play,2025-09-02,앱이 안열여요...어제부터.왜일까요?,1,박**,지마켓
PLAY_gmarket_000641,google_play,2025-09-02,10년넘개 이용중입니다,5,박**,지마켓
PLAY_gmarket_000642,google_play,2025-09-02,일반가입하기가 너무힘들어서 포기했어요~~ 카카오 아니면 가입이 이렇게 힘든가요??,1,이**,지마켓
PLAY_gmarket_000643,google_play,2025-09-01,변함 없이 항상 지마켓 👍,5,b*****,지마켓
PLAY_gmarket_000644,google_play,2025-09-01,특가 저렴할때 사면 좋아요,4,영**,지마켓
PLAY_gmarket_000646,google_play,2025-09-01,아따 쿠폰먹이니 쿠팡보다 싸게삿다잉,5,k**********,지마켓
PLAY_gmarket_000647,google_play,2025-09-01,검색 결제가 간편해요,5,K*******,지마켓
PLAY_gmarket_000648,google_play,2025-09-01,사용해보니 무척 만족스럽습니다 상품도 좋고 가격도 적정하고배송도 빠르네요 믿음이 갑니다,5,A*********,지마켓
PLAY_gmarket_000650,google_play,2025-08-31,사이트별 한꺼번에 가격비교 가능해서 넘 좋아요,5,이**,지마켓
PLAY_gmarket_000651,google_play,2025-08-30,다른곳보다 같은 물건이 더 저렴해요,5,김**,지마켓
PLAY_gmarket_000653,google_play,2025-08-29,추천합니다 편리합니다,5,S***********,지마켓
PLAY_gmarket_000655,google_play,2025-08-28,쿠팡 쓰다가 이거 쓰니까 속이 시원 단점은 일반 카드 등록이 좀 힘듬,5,로**,지마켓
PLAY_gmarket_000657,google_play,2025-08-28,너무 잘 이용하고있어요,5,김**,지마켓
PLAY_gmarket_000660,google_play,2025-08-27,"스마일카드 없습니다. 그런데 왜 자꾸 스마일카드 전용 할인 쿠폰을 주고, 왜 자꾸~판매 물건 가격이 스마일카드 할인 쿠폰 적용된 가격이 노출 되서 맥 없이 클릭하게 만들고~오오오오~짜증 많이 나요..이것때문에 진지하게 탈퇴하고 싶음. 고객센터에 다시 문의..쿠폰 미 노출을 원하면 다시 문의하라고함..ㅋㅋㅋ 지마켓 더 이상 이용 하고 싶지 않음. 오늘 탈퇴할거임.",1,f*********,지마켓
PLAY_gmarket_000661,google_play,2025-08-26,링크가 앱으로 안열림,4,임**,지마켓
PLAY_gmarket_000662,google_play,2025-08-25,전 G마켓이 제일 편하고 좋아요,5,황**,지마켓
PLAY_gmarket_000664,google_play,2025-08-25,다른데보다 싼제품 있어서 오랜만에 왔네요!,5,김**,지마켓
PLAY_gmarket_000666,google_play,2025-08-25,"스마일카드 가입가격으로 낚시 가격 노출 좀 그만하세요 왜 네이버나 쿠팡도 안하는 xxx짓으로 사용자 시간을 낭비하게 하나요? 따로 상세페이지에서 보여주는 것으로 충분한데 쿠폰적용가는 너무 심하다고 생각 안하시는지. 다른 쿠폰하고 결합해 있는 덕분에 저거 여부로 가격비교하는데 시간이 많이 걸렸네요 결제시에도 따로 해제해야하고. 클릭유도, 고객 기만 피곤하고 불쾌합니다",1,a**,지마켓
PLAY_gmarket_000668,google_play,2025-08-25,dry the way it will take 9l for me if he wants a new,3,백**,지마켓
PLAY_gmarket_000670,google_play,2025-08-23,"신세계에요. 우연히 6시 내고향 국산 팝콘 방송보고, 최저가로 주문할려고,지마켓 사랑입니다. 착한가격 감동입니다.",5,제*,지마켓
PLAY_gmarket_000671,google_play,2025-08-22,저렴하고 찾기편해 좋아요,4,임**,지마켓
PLAY_gmarket_000672,google_play,2025-08-21,싸게 잘 삿어요~~,4,대******,지마켓
PLAY_gmarket_000673,google_play,2025-08-21,70세 노인이 사용에 불편이 없는것 같아요,5,케***,지마켓
PLAY_gmarket_000674,google_play,2025-08-21,제품이 모두 저렴하고 좋은것 같아서 좋아요,5,허**,지마켓
PLAY_gmarket_000675,google_play,2025-08-21,"쿠폰이 많아서 유용하고, 고객상담 신속하고 매우 친절하셔서, 강추해요.",5,김**,지마켓
PLAY_gmarket_000676,google_play,2025-08-21,현대카드가 주거래 카드인데 이번달부터 엠포인트 체크칸이 안떠요 조치 좀 해주세요,3,덕**,지마켓
PLAY_gmarket_000677,google_play,2025-08-20,빠른반품 빠른배송이 좋아요,5,장**,지마켓
PLAY_gmarket_000678,google_play,2025-08-20,좋은 제품 좋은 가격,5,Y*************,지마켓
PLAY_gmarket_000679,google_play,2025-08-20,잘쓰고있음. 쿠팡보다 배송이 느리지만 회비가 싸서좋음,5,요*,지마켓
PLAY_gmarket_000681,google_play,2025-08-20,다양한 상품 .행사가 많아 좋아요,5,으*,지마켓
PLAY_gmarket_000683,google_play,2025-08-19,가격이 마음에 들어요 후기도 있어서 좋지만 후기를 자세히 볼수 있게 플레폼을 짜면 좋겠습니다 상품을 선택하는데 있어서 가격과 후기가 중요합니다,5,손**,지마켓
PLAY_gmarket_000685,google_play,2025-08-19,여름철 최애상품으로선정합니다.,5,김**,지마켓
PLAY_gmarket_000686,google_play,2025-08-19,진짜~~너무 저렴해서 좋아요^^<,5,블********,지마켓
PLAY_gmarket_000687,google_play,2025-08-18,구매하기 쉽고 다양해서 좋아요♡,5,자***,지마켓
PLAY_gmarket_000688,google_play,2025-08-18,제휴할인등을 통해서 저렴하게 살 수 있어 좋아요,4,정**,지마켓
PLAY_gmarket_000689,google_play,2025-08-18,요즘 g마켓 할인제품이 많아서 좋아요~^^,5,김**,지마켓
PLAY_gmarket_000690,google_play,2025-08-18,재구매하는데 아이들이 가시가없어 너무좋아해요. 바쁜일상속 워킹맘들에겐 최고에요,5,김**,지마켓
PLAY_gmarket_000691,google_play,2025-08-18,"한때는 내마음속 쇼핑앱 1등이었지만, 가격장난치고 고객 희롱하는 빅스마일어쩌구 이벤트이후로는 안쓰게됌, Even 스마일카드 VIP 혜택도 많이 없어져서, 오늘부로 앱삭제, 이제는 네이버쇼핑이랑 SSG, 만으로 충분, Long live the Gmarket, Bye Forever From now I can't recommended it anymore",3,Y***************,지마켓
PLAY_gmarket_000692,google_play,2025-08-17,항상 구수한 향에 밥을 많이 먹게되지만 끊을수없는 맛있는 쌀 입니다..,5,성**,지마켓
PLAY_gmarket_000693,google_play,2025-08-16,덕분에쇼핑이 편해졌어용,5,타*,지마켓
PLAY_gmarket_000694,google_play,2025-08-16,"할인쿠폰,가격도 저렴하게 구매 만족합니다",5,정********,지마켓
PLAY_gmarket_000696,google_play,2025-08-16,"빠른예약, 최저가 예약 good",5,K**********,지마켓
PLAY_gmarket_000697,google_play,2025-08-15,저렴하고 가볍고 좋은 것 같아요,5,윤**,지마켓
PLAY_gmarket_000698,google_play,2025-08-15,지마켓만 주문합니다 저는 늘 잘이용하고 있습니다,5,차**,지마켓
PLAY_gmarket_000699,google_play,2025-08-15,최적할인이 빠르게 되서 좋아요.,4,한**,지마켓
PLAY_gmarket_000700,google_play,2025-08-15,다른곳보다 저렴하기도하고 배송도 빠름,5,M***,지마켓
PLAY_gmarket_000702,google_play,2025-08-14,소멸되는 포인트 사용할 수 있게 미리 얘기해 주는 거 넘 좋네요,5,조**,지마켓
PLAY_gmarket_000703,google_play,2025-08-14,항상 최고예요~~~^^,5,하*,지마켓
PLAY_gmarket_000704,google_play,2025-08-13,상품의 품질이 우수합니다 한번씩 사용들 하세요,5,이**,지마켓
PLAY_gmarket_000705,google_play,2025-08-13,다양한 쿠폰으로 할인까지 더해서 알뜰한 쇼핑이되었습니다,5,이**,지마켓
PLAY_gmarket_000706,google_play,2025-08-13,할인이 많아서 좋아요.,5,신**,지마켓
PLAY_gmarket_000708,google_play,2025-08-12,정말 최고의 어플 입니다 ㅎㅎ,5,최***************************,지마켓
PLAY_gmarket_000709,google_play,2025-08-12,아주 좋습니다. 감사합니다.,5,김**,지마켓
PLAY_gmarket_000710,google_play,2025-08-12,아 엠포인트쓰는 체크버튼 거지같네 자꾸 사라져있고 안눌려지고ㅡㅡ고쳐라고쳐,1,ᄋ***,지마켓
PLAY_gmarket_000711,google_play,2025-08-12,"적립금 소멸 예정 카톡으로 낚시하는 티몬, 컬리가 하는 쓰레기짓 얘네도 함",1,한**,지마켓
PLAY_gmarket_000712,google_play,2025-08-12,언제나 편리하고 저렴하게 구매하고 있어요 인터페이스도 좋아서 여러모로 편해요,5,홍**,지마켓
PLAY_gmarket_000715,google_play,2025-08-10,랜덤보다는 둘다 고를수있으면 좋을듯,4,이**,지마켓
PLAY_gmarket_000716,google_play,2025-08-10,g 마켓에서는 왜 다크 모드를 지원하지 않나요 모바일 설정에서 다크 모드를 실행하면 자동으로 해야 되는 거 아닙니까 그리고 웹 설정에서 다크 모드 설정이 없다는 것은 공식적으로 지마켓이 다크모드 를 지원하지 않는다는 것이 아닙니까 왜 지원하지 않습니까 해명해 주시기 바랍니다 웹 개발자는,1,박**,지마켓
PLAY_gmarket_000717,google_play,2025-08-10,빠른배송 좋은제품 감사합니다,5,김*,지마켓
PLAY_gmarket_000718,google_play,2025-08-10,사용하기 편리합니다,5,Y****,지마켓
PLAY_gmarket_000719,google_play,2025-08-10,정확한 배송일정과 교환도 정확하네요.,5,k***,지마켓
PLAY_gmarket_000723,google_play,2025-08-08,G마켓 앱 사용하고 있지만 사용하기 너무 불편한앱이다 업데이트 어떻게 만들어길래 업데이트 후 앱 터치하면 속도 너무 느리게 화면 열림 어떻때는 닫고 열기를 반복할때 열리기도 함 다른 타 쇼핑물 앱들은 하나같이 잘 열리는데 오직 G마켓 앱만 속도 떨어짐 때로는 속도 때문에 사용하기 싫어질때도 많음. 앱 속도 개선 필요함 G마켓 앱 사용하기 위해 매년 스마트폰 바꿀수 없는 것 아닌가요,1,그**,지마켓
PLAY_gmarket_000725,google_play,2025-08-07,할인해서 잘 샀어요!~~,5,고**,지마켓
PLAY_gmarket_000730,google_play,2025-08-06,잘 이용하고 있어요 G마켓 Thank you.,5,어**,지마켓
PLAY_gmarket_000733,google_play,2025-08-05,언제나 지마켙은 좋아요,5,이**,지마켓
PLAY_gmarket_000734,google_play,2025-08-05,룰렛 돌리면 10윈만 걸리지 않도록 설정해 주세요. 넘 유치합니다.,4,모**,지마켓
PLAY_gmarket_000736,google_play,2025-08-05,알림켜고쿠폰받기 팝업좀 그만보면안됩니까? 알림을 보던말던 알아서좀 할게요? 강요좀하지마세요? 앱을 불편하고 짜증나게만들어서 이용자 내쫓는게 목표인가요?,1,a******,지마켓
PLAY_gmarket_000738,google_play,2025-08-04,몇년째 사용하고있던 제품이에요 너무만족스럽게 오늘 가격도 많이 할인해주셔서 감사합니다,5,손**,지마켓
PLAY_gmarket_000739,google_play,2025-08-04,●중국기업과 합작한 마당에 개인정보 걱정되서 웬만하면 빨리 탈퇴하려고 함●이거 앱종료해도 백도어마냥 계속 돌아가니 꼭 강제종료 및 애드헬같은앱으로 죽여버려야 함●얼마전 먹통사태도 그렇고 앱이오류투성인데 1:1문의해봐야 몇년째 씹는중 여긴 전산팀애들이 상태가 이상함●국내쇼핑몰중 여기만 유일하게 개인정보확인절차라며 스마일포인트 사용자들에게 해마다 여권 주민증 보내라며 민감정보 강제수집 선넘는 짓거리하다 철퇴맞고 잠잠해지나 했더니 요즘 또 벌레처럼 스물스물 기어나와서 이짓 다시 하는 중.이거 제보 및 신고예정.중국알리에 정보 한명이라도 더 팔아넘기려고 수집에 혈안이 되서 발악중인가 합리적의심듦,1,G*********,지마켓
PLAY_gmarket_000741,google_play,2025-08-04,저렴한 가격에 제품구매 성공~!!,5,김**,지마켓
PLAY_gmarket_000742,google_play,2025-08-03,원래 개인회원으로 주문하다가 사업자로 주문하는데 가격도 저렴하고 좋아요.,5,조**,지마켓
PLAY_gmarket_000744,google_play,2025-08-02,요즘은 배송도 빠른 편이고 쿠팡보다 가격이 싼 물품이 많아서 자주 이용하고 있어요.,4,조**,지마켓
PLAY_gmarket_000745,google_play,2025-08-02,"친절하고 빠른 답신, 이용이 편리합니다.",5,황**,지마켓
PLAY_gmarket_000746,google_play,2025-08-02,꼭 필요한 상품을 G락페 행사로 평소보다 훨씬 좋은 가격에 구매했어요. 정말 만족합니다. 신세계 유니버셜 클럽 혜택도 좋네요. 생필품 구매는 주로 쿠*을 이용했는데 앞으로는 G마켓과 비교 검색해서 구매해야겠습니다.,5,S**********,지마켓
PLAY_gmarket_000749,google_play,2025-08-01,재구매입니다 항상 쓰고있어요^^,5,이**,지마켓
PLAY_gmarket_000750,google_play,2025-08-01,지마켓 좋아요 굿굿,5,정**,지마켓
PLAY_gmarket_000751,google_play,2025-08-01,"지락페 할인률 높은척, 한정수량으로 파는척 사기치면서 할인쿠폰 다 써도 어제보다 가격 2배 이상 높네 ㅋㅋㅋ 진짜 입점 업체들 양아치들 뿐인가. 빅구라데이 시즌2네.",1,J************,지마켓
PLAY_gmarket_000753,google_play,2025-07-31,덱스모드로 다른프로그램 사용시 앱이 지멋대로 열리네요. 최악점수 입니다.,1,S*******,지마켓
PLAY_gmarket_000754,google_play,2025-07-30,최저가 입니다. 너무 만족합니다.,5,S*********,지마켓
PLAY_gmarket_000755,google_play,2025-07-30,좋은 쇼핑에 기분이 좋아요~^^,5,김**,지마켓
PLAY_gmarket_000756,google_play,2025-07-30,저렴하고 인터넷 쇼핑몰중 가장 간편한 편입니다. 뭣보다 쿠폰을 많이줘서 좋아요.,5,김**,지마켓
PLAY_gmarket_000757,google_play,2025-07-30,앱이 자꾸 자기 멋대로 실행된다고 했잖아요. 왜 대체 계속 그러는데요! 한동안 연락도 주고 그러더니 포기하셨나요?,3,곽**,지마켓
PLAY_gmarket_000758,google_play,2025-07-28,할인이벤트도 많고 제품들 종류도 많고...,5,I***,지마켓
PLAY_gmarket_000760,google_play,2025-07-27,좋은제품을 착한가격에 구매할 수 있게되어 감사합니다.,4,하**,지마켓
PLAY_gmarket_000761,google_play,2025-07-27,나의 최애 인터넷 쇼핑,4,b********,지마켓
PLAY_gmarket_000762,google_play,2025-07-27,스마일카드 첫결제7만원 할인쿠폰 이거 가격적용된채로 나오는거 없애는 방법 있나요? 분별력이 사라져서 지마켓 앱 들어올때마다 기분이 나빠지는데요,3,M*,지마켓
PLAY_gmarket_000764,google_play,2025-07-26,"가격도 골고루 다 착하고 정말 불친절과 환불,교환되어 고객 서비스에 화가나 몇년씩이나 잊고 다른 사이트에만 V.I.P대우받으며 살면서 잊고살다,친언니가 싸고 상품도 좋아졌다 하길래 주문 해봅니다.잘~~부탁 드려요.마음 다치지않게 좋은상품,고급스런 고객센터, 친절,,,수고하세요",5,나**,지마켓
PLAY_gmarket_000765,google_play,2025-07-26,폴드2를 사용하다가 폴드7으로 기변했는데 큰화면에서 폴드2보다 글씨가 너무 작아져서 쇼핑하기가 어렵습니다. 기타 다른앱보다 폰트가 너무 작아요..휴대폰설정에서 폰트를 확대해도 안되구요. 앱안에서 폰트 확대 기능을 넣어주시면 좋겠네요.,3,김**,지마켓
PLAY_gmarket_000768,google_play,2025-07-24,세탁기 배송 20일만에 온답니다.,3,김**,지마켓
PLAY_gmarket_000769,google_play,2025-07-24,생각보다 유용하게 써먹고있음,5,김**********,지마켓
PLAY_gmarket_000770,google_play,2025-07-24,수시로 발생되는 비밀할인쿠폰과 회원쿠폰이 적용되어 동일제품에 대하여 최저가및 스타배송으로 인하여 빨리 받아볼 수 있습니다 쿠*보다 저렴하게 구매하고 있습니다,5,염**,지마켓
PLAY_gmarket_000771,google_play,2025-07-23,좋아여 ^^ 감사합니다,4,이**,지마켓
PLAY_gmarket_000772,google_play,2025-07-23,앱 좋아요. 웹사이트보다 앱이 편해서 앱 자주 쓰게 되는듯,5,완******,지마켓
PLAY_gmarket_000773,google_play,2025-07-22,좋은 상품 좋은가격에 구입하게 해주셔서 감사합니다,5,유**,지마켓
PLAY_gmarket_000774,google_play,2025-07-22,진짜 품절됐으면 빨리 품절이라 해야지 사고 나서 온다 했는데 갑자기 품절 이러네 이거 쓸빠엔 쿠팡쓴다 다른 건 다 해외배송이라 4000원 더 비싸도 1달 더 빨리 받으려고 여기로 샀는데 4000원 손해봄 갑자기 g마켓이 해외래 에휴 님들 이거 쓰지 마셈 판매자가 저런데 사겠노 4000원 때먹네 ㅉ,1,신*********,지마켓
PLAY_gmarket_000779,google_play,2025-07-20,핸드폰 몇 시간후에 보면 스스로 실행되어 첫 화면에 상품 보여줌. 스스로 실행되어 기분 나쁨. 처음에는 광고화면을 잘못 눌러서 실행된 줄 알았으니 아니네. 회면에서 지우려고 하면 뿅 사라짐. 악성코드 같은 앱이라 지웁니다.,1,일*,지마켓
PLAY_gmarket_000780,google_play,2025-07-19,가성비 갑 합리적인가격 좋아요,5,백**,지마켓
PLAY_gmarket_000781,google_play,2025-07-19,저렴하면서도 퀄리티가 좋은 상품들이 많이 있어요.거기다 할인률 까지 좋아요.,5,박**,지마켓
PLAY_gmarket_000782,google_play,2025-07-18,항상 믿고 구매하는 지마켙 감사합니다,5,서***,지마켓
PLAY_gmarket_000784,google_play,2025-07-17,사업자할인도 많고 쿠팡비교시 제품 퀄리티 좋은 상품많아서 추천합니다.예전에 오랜시간 지마켓 이용하다 쿠팡갈아탓는데 .지금은 공산품은 요기서 자주구입.식품은빠른배송때문에 타업체이용 .,5,J**,지마켓
PLAY_gmarket_000785,google_play,2025-07-17,주문도 편하고 믿을 수 있어서 주거래 쇼핑몰로이용하고 있습니다.,5,김**,지마켓
PLAY_gmarket_000789,google_play,2025-07-16,지마켓 사용하기 나쁘진 않음 쿠팡보단 보기가 아쉽지만,5,j*******,지마켓
PLAY_gmarket_000791,google_play,2025-07-15,스마일 가입시 카드가 발생이 되는건지 이해하기 어려움,3,k*********,지마켓
PLAY_gmarket_000794,google_play,2025-07-15,저렴하고 물건은 좋아요,3,여**,지마켓
PLAY_gmarket_000799,google_play,2025-07-14,아래에서 나오는 광고 진짜 불쾌할 정도로 많네,1,ᄋ**,지마켓
PLAY_gmarket_000800,google_play,2025-07-14,매일 이용해요~좋아요~!,5,전**,지마켓
PLAY_gmarket_000802,google_play,2025-07-13,"물건 구입한내역에 금액과 사업자등록번호가 한번에 볼수있게 업데이트부탁합니다 쿠팡에서는 영수증출력하기편하게 날짜,구입한내용.금액, 사업자등록번호,회사명,연락처,주소를 한번에 볼수있어서 영수증 출력하기가펀합니다 G마켓은 사업자 등록번호가 숨어져있어서 영수증출력하기가 불편합니다 제가설명한것은 컴퓨터가아니고. 모바일기준으로 얘기한겁니다",3,변**,지마켓
PLAY_gmarket_000803,google_play,2025-07-13,배송도 빠르고 좋아요 안전 합니다,5,강**,지마켓
PLAY_gmarket_000805,google_play,2025-07-12,cgv영화티켓 구입하는데 아주 편리하게 구입 이용,5,서**,지마켓
PLAY_gmarket_000809,google_play,2025-07-11,가격비교 하면 지마켓이 더 저렴해서 자주 이용합니다. 배송도 빠르고 편합니다,5,코***,지마켓
PLAY_gmarket_000810,google_play,2025-07-11,간편하게 쇼핑했어요,5,김**,지마켓
PLAY_gmarket_000811,google_play,2025-07-11,편하고 좋아요 강추합니다,5,J*****,지마켓
PLAY_gmarket_000814,google_play,2025-07-11,다른 결제수단도 사용할 수 있게해야지 이게 갑자기 뭔 짓인가요?업데이트하고 나서 pay간편결제만 되게 해 놓고 불편해서 사용 못하겠어요 가족이 같이 사용해서 각자 카드 결제하거나 pay간편결제 적립혜택보다 다른 카드 적립이 좋아서 다른 걸로 사용하는 경우가 많을텐데 이건 무조건 pay간편결제 하도록 하는데 이 불편함을 유도하는 이유는 지마켓 망하라는 건가요? 전처럼 다른 결제수단 선택하게 해주세요,1,배**,지마켓
PLAY_gmarket_000816,google_play,2025-07-11,지금까지 사용한 것 중에 당연 1등 입니다 여름에 반바지 반팔입고 운동할때는 필수품입니다,5,민**,지마켓
PLAY_gmarket_000818,google_play,2025-07-10,배달이 빨라서 좋아요,5,문**,지마켓
PLAY_gmarket_000819,google_play,2025-07-10,좋은제품들 싸게 구입했네요 감사합니다,5,김**,지마켓
PLAY_gmarket_000821,google_play,2025-07-10,매번 이벤트로 저렴하고 좋은 상품 들을 구매할수 있어 좋습니다,4,김**,지마켓
PLAY_gmarket_000822,google_play,2025-07-10,좋아요 좋아요 좋아요,5,이**,지마켓
PLAY_gmarket_000823,google_play,2025-07-09,오분도미 쌀눈 살아 있고 맛 있어요.,5,E******,지마켓
PLAY_gmarket_000824,google_play,2025-07-09,쿠폰을 엄청 많이 줘서 늘 싸게 구매할 수 있어 좋음,5,K*************,지마켓
PLAY_gmarket_000825,google_play,2025-07-09,넘우아하고이쁘네요 고상합니다,5,신**,지마켓
PLAY_gmarket_000826,google_play,2025-07-09,편하게 잘 사용중입니다.,5,h************,지마켓
PLAY_gmarket_000827,google_play,2025-07-09,다른 앱에 비해 사용하기가 편리합니다~~^^,4,조**,지마켓
PLAY_gmarket_000828,google_play,2025-07-09,부담 적고 편한 선물입니다,4,J************,지마켓
PLAY_gmarket_000829,google_play,2025-07-08,주문이 너무 쉬워요 그리고 할인쿠폰도 주고 너무 좋습니다.,5,정**,지마켓
PLAY_gmarket_000830,google_play,2025-07-08,"G마켓 앱 사용 후기 쓴다! 🙋‍♀️ 솔직히 말해서, 나는 온라인 쇼핑을 진짜 좋아하는데, G마켓 앱이 진짜 효자템이야. 🛍️ 일단, UI가 엄청 직관적이라서 처음 쓰는 사람들도 쉽게 적응할 수 있어. 👍 상품 검색도 쉽고, 필터 기능도 잘 돼 있어서 원하는 상품을 금방 찾을 수 있지. 🤩 특히, 매일매일 뜨는 특가 상품들 보는 재미가 쏠쏠해. 💸 가끔 진짜 득템할 때 기분 최고! 🥰 배송도 빠르고, CS 처리도 깔끔해서 만족스러워. 🙌 다만, 가끔씩 앱이 조금 느려지는 경우가 있는데, 그건 조금 아쉬워. 😔 그래도 전체적으로 G마켓 앱, 완전 추천해! ✨ #G마켓 #쇼핑앱 #앱리뷰 #솔직후기 #온라인쇼핑 #강력추천",5,백**,지마켓
PLAY_gmarket_000833,google_play,2025-07-08,싸게구입해서 좋아요.,5,전**,지마켓
PLAY_gmarket_000834,google_play,2025-07-08,다양하게 세일을 많이 해서 많이 이용하고 있습니다 수고하세요,5,김**,지마켓
PLAY_gmarket_000836,google_play,2025-07-07,좋아요~^^쇼핑하기두 쉽고 편해요,5,김**,지마켓
PLAY_gmarket_000837,google_play,2025-07-07,할인많이해주어서좋아요 할인많이많이해주세요,5,백**,지마켓
PLAY_gmarket_000838,google_play,2025-07-07,이런저런 할인율이 좋아요,5,이**,지마켓
PLAY_gmarket_000839,google_play,2025-07-06,왜 앱에서는 후기 수정이 안되는 걸까요?,3,최**,지마켓
PLAY_gmarket_000841,google_play,2025-07-06,전에는 불편해서 사용 안했는데 편리해서 사용할수 있겠네요,4,황**,지마켓
PLAY_gmarket_000842,google_play,2025-07-06,가격 좋고 행사 많아요!!!,5,조**,지마켓
PLAY_gmarket_000843,google_play,2025-07-05,저렴하게 구입했네요,5,김**,지마켓
PLAY_gmarket_000844,google_play,2025-07-04,행사도 많고 주문도 편리해요,5,김**,지마켓
PLAY_gmarket_000846,google_play,2025-07-04,감사합니다 저렴하게 잘 샀어요,5,김**,지마켓
PLAY_gmarket_000847,google_play,2025-07-03,늘 이용하고 있어요 편하고 좋아요,5,이**,지마켓
PLAY_gmarket_000848,google_play,2025-07-03,판매자 잘못으로 반품했는데 환불하면서 유효기간 다된 스마일캐시 회수하네요 비추요,1,L*****,지마켓
PLAY_gmarket_000849,google_play,2025-07-03,좋은 상품 좋은 가격에 구매했어요^^,5,주*,지마켓
PLAY_gmarket_000851,google_play,2025-07-02,생수 가격이 저렴해서 좋아요.,5,이*********,지마켓
PLAY_gmarket_000853,google_play,2025-07-02,상품이 다양해서 좋아요,5,y******,지마켓
PLAY_gmarket_000854,google_play,2025-07-02,다양한 이벤트로 많은 할인을 할수 있어 좋아요.,4,윤**,지마켓
PLAY_gmarket_000855,google_play,2025-07-01,티몬을 닮아가는것같아 탈퇴함니다. 고객의 의견은 전혀 듣지않는것 같네요!,1,G*********,지마켓
PLAY_gmarket_000860,google_play,2025-06-30,깔끔해서 보기 좋습니다.,5,J*********,지마켓
PLAY_gmarket_000862,google_play,2025-06-30,저렴하게 구매했어요,5,박**,지마켓
PLAY_gmarket_000863,google_play,2025-06-30,늘 G마켓 여기서 구매 합니다,5,윤**,지마켓
PLAY_gmarket_000864,google_play,2025-06-30,아니..앱이 안열려요.ㅠ,3,제**,지마켓
PLAY_gmarket_000866,google_play,2025-06-29,다른 포인트 사용해서 좋아요,5,정**,지마켓
PLAY_gmarket_000867,google_play,2025-06-29,이용이 편리하고 할인 적용도 잘되서 좋음,5,안**,지마켓
PLAY_gmarket_000868,google_play,2025-06-29,앱 업데이트 하람서 실제 업데이트 할 게 없음 삭제 후 재설치해도 동일함 뭐 어쩌라는건데,1,팽**,지마켓
PLAY_gmarket_000874,google_play,2025-06-28,너무너무 속이 편안하고좋아요,5,박**,지마켓
PLAY_gmarket_000875,google_play,2025-06-28,지마켓앱에 버그 발생했다고 안들어가지는데요 개발자가 수정하면 업데이트받으라합니다 케시삭제후 실행하라는데도 안되요,5,김**,지마켓
PLAY_gmarket_000876,google_play,2025-06-28,갑자기 버그 발생 안켜져요,1,김**,지마켓
PLAY_gmarket_000877,google_play,2025-06-28,지마켓앱에 버그가 있어 자꾸 종료된다그 뜨네요,2,고**,지마켓
PLAY_gmarket_000878,google_play,2025-06-28,앱이 오류떠서 아예 실행이 안되네요. 쿠키도 지워보고 지웠다 새로 설치 했는데도 그러네요. 해결 해주세요,1,박**,지마켓
PLAY_gmarket_000879,google_play,2025-06-28,갤럭시 앱 실행 안되요!!!!!,1,S***********,지마켓
PLAY_gmarket_000880,google_play,2025-06-28,버그가 있다고 앱이 실행이 안됩니다 해결부탁드려요,5,u******,지마켓
PLAY_gmarket_000881,google_play,2025-06-28,안드로이드 버그 생겨요 화면이 꺼집니다,1,N***********,지마켓
PLAY_gmarket_000882,google_play,2025-06-28,갤플3 실행하면 계속 튕김,1,한**,지마켓
PLAY_gmarket_000883,google_play,2025-06-28,개발자 오류수정을 해야한대요ㅜㅜ 계속 디버그오류 제거하고 재설치 했는데 똑같아요 빠른 해결 부탁합니다,1,공****,지마켓
PLAY_gmarket_000884,google_play,2025-06-28,버그 로그인 불가능,1,J*********,지마켓
PLAY_gmarket_000885,google_play,2025-06-28,앱 접속 시 버그로 인해 종료됩니다.... 조치해주세요,1,Z******,지마켓
PLAY_gmarket_000886,google_play,2025-06-28,G마켓앱에 버그가있어 앱을 종료했습니다.개발자가 오류수정본을 제공하면 앱을 업데이트해보세요. 이런내용이 뜨면서 접속이 안되고있습니다. 앱삭제후 다시 다운로드해도 똑같습니다. 빠른해결부탁드립니다.,3,남**,지마켓
PLAY_gmarket_000887,google_play,2025-06-28,어플오류남 안들어가짐,1,M********,지마켓
PLAY_gmarket_000888,google_play,2025-06-28,모든면에서 굿굿굿 ~^^,5,장**,지마켓
PLAY_gmarket_000889,google_play,2025-06-28,앱이 안열림 캐시 지워도 재설치해도 안됨...,1,경*****,지마켓
PLAY_gmarket_000890,google_play,2025-06-28,.....언제옵니까 😑😐😭😭😭😭😤😤😩😩😫😫😩😩😫기다려도 안오고 택배기사는 😒 ㅡㅡ실망 했습니다 ㅠㅠ😭 쇼핑도 못해 ㅠㅠ😭접속불가 출석체크 렉 캐시 ㆍㆍ,5,권************************,지마켓
PLAY_gmarket_000892,google_play,2025-06-28,버그로 인해 계속 꺼집니다,1,박**,지마켓
PLAY_gmarket_000893,google_play,2025-06-28,프로그램 버그 왜? 침투하니,1,G**************,지마켓
PLAY_gmarket_000894,google_play,2025-06-28,강제 종료되서 못들어가요 오류수정 해주세요,1,최**,지마켓
PLAY_gmarket_000895,google_play,2025-06-28,계속팅김 버그수정해주세요,1,최**,지마켓
PLAY_gmarket_000896,google_play,2025-06-28,버그나서 실행이 안됨,1,B*******,지마켓
PLAY_gmarket_000897,google_play,2025-06-28,앱 업데이트 안하면 실행 못하게 막아둔거는 누구 아이디어인가요?,1,쇄*,지마켓
PLAY_gmarket_000898,google_play,2025-06-28,버그라고하면서 실행이안됨,1,J***,지마켓
PLAY_gmarket_000899,google_play,2025-06-27,"할인쿠폰이 너무 작아요,한개씩밖에. 안주다니",4,유*,지마켓
PLAY_gmarket_000900,google_play,2025-06-27,좋은 영양제 구매해서 너무나 좋아요?,5,주**,지마켓
PLAY_gmarket_000902,google_play,2025-06-27,좋아요 배송도 빠릅니다,5,김**,지마켓
PLAY_gmarket_000905,google_play,2025-06-27,쓸데없는걸로 전화하지 말고 업데이트 강요하지 마 알아서 해 앱 구버전이면 검색 정렬도 안되게 물건 사지도 말라는게 보여서 아주 짜증남,1,모**,지마켓
PLAY_gmarket_000906,google_play,2025-06-27,반품 환불 완전 빨라요,5,박**,지마켓
PLAY_gmarket_000908,google_play,2025-06-26,이럴거면 앱 왜 쳐 만듬? STK 인증을 무슨 몇달 째 기다리게 하는거임? 신용카드 인증을 어떻게 하라고요 미성년자는 앱 쓰지 말라는거임? 진짜 개 무책임에 어쩌자는건지를 모르겠음 지마켓 쓸 바에는 쿠팡을 쓰지ㅉ,1,윤**,지마켓
PLAY_gmarket_000909,google_play,2025-06-26,물건 구매하려니 업데이트하래서 하려는데 안되네요ㅜㅜ 오류난듯요ㅜㅜ,1,김**,지마켓
PLAY_gmarket_000910,google_play,2025-06-25,항상 믿고 애용하고 있어요,4,박**,지마켓
PLAY_gmarket_000911,google_play,2025-06-25,1달 무료 이용 좋아요^^,5,이*,지마켓
PLAY_gmarket_000914,google_play,2025-06-24,최저가 상품이 많아요,4,서**,지마켓
PLAY_gmarket_000915,google_play,2025-06-24,g마켓 추천합니다 슈팅배송도 좋고 쿠폰사용시 할인도 주어집니다 카드사할인등등 자주 애용합니다,5,코*******,지마켓
PLAY_gmarket_000917,google_play,2025-06-24,저렴한 할인제도 굿,5,안**,지마켓
PLAY_gmarket_000918,google_play,2025-06-23,스마일페이와 연결되어 이용하기 편해요 다른 사이트 보다 싼 가격이라 자주 사용하고 있습니다,5,박**,지마켓
PLAY_gmarket_000919,google_play,2025-06-23,굿~~ 좋아요~~~,5,강**,지마켓
PLAY_gmarket_000921,google_play,2025-06-23,너무 많이 많이 좋아 👌 요.,4,노*,지마켓
PLAY_gmarket_000922,google_play,2025-06-22,간펀하게 주문할수있어서 좋아요,5,장***,지마켓
PLAY_gmarket_000924,google_play,2025-06-21,"지마켓은 내가 찾고자 하는 상품을 한눈에 깔끔하게 보여줘요. 저는 10년째 지마켓을 이용했습니다. 쿠ㅍ은 내가 찾고자하는 상품보다 다른 광고 상품을 띄워서, 나의 시선을 혼란하게 만들어서 쿠0은 싫어요. 온라인 쇼핑몰은 지마켓 최고.",5,토*,지마켓
PLAY_gmarket_000925,google_play,2025-06-21,저렴하고 좋은 상품들이많음,5,그**,지마켓
PLAY_gmarket_000926,google_play,2025-06-21,자주 이용합니다. 편하고 좋아요.,5,굿**********,지마켓
PLAY_gmarket_000927,google_play,2025-06-21,가격비교해서 제일 저렴하고 편리했어요.,5,허**,지마켓
PLAY_gmarket_000928,google_play,2025-06-21,저렴하게 판매하는 이벤트가 있어서 좋습니다.,5,W***********,지마켓
PLAY_gmarket_000929,google_play,2025-06-21,상품과 배송 다 좋아요,5,윤**,지마켓
PLAY_gmarket_000930,google_play,2025-06-21,참 편하네요 많이 이용해주세요,5,달***,지마켓
PLAY_gmarket_000931,google_play,2025-06-21,좋은제품 저렴히 샀어요,5,공**,지마켓
PLAY_gmarket_000932,google_play,2025-06-20,쿠폰도 많이 주고 스마일적립도 좋아요,5,김**,지마켓
PLAY_gmarket_000934,google_play,2025-06-20,품질도 좋고 배송도 빠르고 참 좋아요!,5,박**,지마켓
PLAY_gmarket_000935,google_play,2025-06-19,혜택이 많아서 넘 좋아요,5,지**,지마켓
PLAY_gmarket_000937,google_play,2025-06-19,좋은물건 싸게 살 수 있어서 감사합니다.,5,최**,지마켓
PLAY_gmarket_000941,google_play,2025-06-18,사골 진한 맛~추천~,5,김**,지마켓
PLAY_gmarket_000942,google_play,2025-06-17,스마일카드로 가격 장난질 신고먹고 샤따 내려야함 이딴 식으로 장사하니 쿠팡한테 따이지,1,L**,지마켓
PLAY_gmarket_000943,google_play,2025-06-17,할인도 알아서 척척 좋네요,5,김*,지마켓
PLAY_gmarket_000944,google_play,2025-06-17,"조아요,,, !!~♡",5,박**,지마켓
PLAY_gmarket_000947,google_play,2025-06-16,일방적으로 물건없다고 배송안된다고 취소해달라함 취소금액들어오는데로 탈퇴영원히 안쓸예정,1,우****,지마켓
PLAY_gmarket_000948,google_play,2025-06-16,가성비가 좋아요. 앞으로도 예의주시하면서 이용할거 같아요.,4,박**,지마켓
PLAY_gmarket_000949,google_play,2025-06-16,신비 복숭아 넘 싸게 잘샀어요,5,H****,지마켓
PLAY_gmarket_000950,google_play,2025-06-15,우연히 보게 되었는데 가성비 굳,5,d************,지마켓
PLAY_gmarket_000951,google_play,2025-06-15,편하고 할인적용도 간단하네요,5,성**,지마켓
PLAY_gmarket_000954,google_play,2025-06-15,좋은 상품 좋은 가격,5,박**,지마켓
PLAY_gmarket_000955,google_play,2025-06-15,"품질, 가성비, 배송서비스 최고입니다 👍",5,진**,지마켓
PLAY_gmarket_000956,google_play,2025-06-14,결제가 편해서 좋아요,5,김**,지마켓
PLAY_gmarket_000957,google_play,2025-06-13,일반상품평 작성이 안되네요 일반상품평 누르면 하얀 화면만 나타납니다 수정해주세요,1,m***,지마켓
PLAY_gmarket_000959,google_play,2025-06-13,"디펜드 라운드형속기저귀 180 매, 자주 구매하는데 품질 좋고 가성비도 매우 높아요. 강추합니다.",5,H***********,지마켓
PLAY_gmarket_000960,google_play,2025-06-13,제휴회사의 포인트를 모아서 결제할 수 있어서 너무 좋았습니다.^^,5,리****,지마켓
PLAY_gmarket_000963,google_play,2025-06-12,빠른배송 좋아요 상품 할인율도 좋고,5,김**,지마켓
PLAY_gmarket_000965,google_play,2025-06-12,좋은상품 싸게 구매했습니다,5,용**,지마켓
PLAY_gmarket_000966,google_play,2025-06-12,특가판매로 저렴하게 살수있어서 좋아요 담에도 이용할께요,5,김**,지마켓
PLAY_gmarket_000968,google_play,2025-06-11,안전 씨부리면서 계속 로그아웃시켜서 1. 네이버 로그인 2. 네이버2단계인증 을 들어갈때마다 반복해야됨 ㄹㅇ귀찮,1,박**,지마켓
PLAY_gmarket_000969,google_play,2025-06-11,싸고 친절하고 물건많고 배송빨라요. 최고!!!,5,민**,지마켓
PLAY_gmarket_000972,google_play,2025-06-10,매우 만족합니다 배송도 빠르고 좋아요,5,이**,지마켓
PLAY_gmarket_000973,google_play,2025-06-10,"어느 순간부터 최대할인가격 비교하면서 사기가 최악이 되었음. 스마일카드 고객수 늘려보려는 건지는 모르겠으나, 스마일카드 발급할 생각도 없는데 스마일카드 첫구매 할인 7만원을 기본 표기로 바꿔버리는 바람에 잘 쓰던 기존 고객들을 매우 불편한 상황으로 만들어놓음. 누가 떠올린 계책인지는 모르겠는데 자충수라고 생각해요. 결과적으로 지마켓보다 다른 오픈마켓에 더 손이 감",1,로****,지마켓
PLAY_gmarket_000974,google_play,2025-06-09,진짜 너무 구데기같은 게 검색 필터도 없고 역행을 해가는 모습 가관 검색어 정렬을 내 맘대로 못해서 그냥 조건에 맞는 물건 나올때까지 세월아네월아 스크롤 내려야함 왜이럼,5,h*****,지마켓
PLAY_gmarket_000977,google_play,2025-06-09,진짜 광고 드럽게 많이 뜨네요. 잘 쓰다가 삭제합니다. 마케팅 담당자 진짜 일 똑바로 해라,1,캡**,지마켓
PLAY_gmarket_000978,google_play,2025-06-09,구매제품에대해 90%이상 만족합니다.^^앞으로도 많은제품 저렴하게 구매할수있는곳이 되었으면 좋겠습니다.감사합니다.,5,육**,지마켓
PLAY_gmarket_000979,google_play,2025-06-08,제품 설명이 상세한것 같아서 별5개 드려요,5,김**,지마켓
PLAY_gmarket_000980,google_play,2025-06-08,가성비 좋은 제품들이 많아요^^,4,방**,지마켓
PLAY_gmarket_000981,google_play,2025-06-08,맛있내요 꼭먹어보세요 두번주문하고있어요,5,김**,지마켓
PLAY_gmarket_000982,google_play,2025-06-07,믿고 구매하는 지마켓..20년이 넘게 늘 한결같이 지마켓만 이용중,5,b*************,지마켓
PLAY_gmarket_000984,google_play,2025-06-07,상품 다양하고 가장 저렴하게 구입할 수 있어 참 좋아요.,5,지**,지마켓
PLAY_gmarket_000985,google_play,2025-06-06,쿠폰많고 최저가 근접함.,5,희**,지마켓
PLAY_gmarket_000986,google_play,2025-06-05,배송빠르고 적립도 많이되고 최저가도 잘 찾아주고 가격도 좋아요,5,정**,지마켓
PLAY_gmarket_000987,google_play,2025-06-05,저렴하게 구입했어요,5,오**,지마켓
PLAY_gmarket_000989,google_play,2025-06-05,G마켓에서 할인받아 저렴하게 구입했어요,5,박**,지마켓
PLAY_gmarket_000990,google_play,2025-06-04,지마켓 주로 이용해요.,5,강**,지마켓
PLAY_gmarket_000991,google_play,2025-06-04,스마일카드 사용시 구입할수있는가격을 카드가입의사도 없는데 쓰잘데기 없이 계속 물건들에 적용시켜서 구입금액을 혼동하게 만들어서 짜증이납니다 제품등을 계속 클릭하게 만들고 스마일카드가입을 유도하는데 적당히 하셔야지.... 제품숫자들도 적어지고 예전보다 가격들도 전체적으로 비싸져서 이용하는게 꺼려져 안들어 가지게 됩니다,1,천*,지마켓
PLAY_gmarket_000992,google_play,2025-06-03,저렴하게^^ 넘 좋아요,5,이**,지마켓
PLAY_gmarket_000994,google_play,2025-06-03,오랫동안 먹여도 무난해요,4,박**,지마켓
PLAY_gmarket_000995,google_play,2025-06-03,할인혜택 많아 좋아요,5,김**,지마켓
PLAY_gmarket_000997,google_play,2025-06-02,주문한 크록스가 온다음에 확인을 해야겠지만 아직까지는 일단 만족합니다,5,조*********,지마켓
PLAY_gmarket_000998,google_play,2025-06-02,신속하게 철 좋아요,4,서**,지마켓
PLAY_gmarket_000999,google_play,2025-06-02,가성비 좋은제품 검색에 good,4,J****,지마켓
PLAY_gmarket_001000,google_play,2025-06-02,항상애용 감사드립니다,5,김**,지마켓
PLAY_gmarket_001002,google_play,2025-06-02,"다 좋은데 유니버스 쿠폰 혜택이 아쉬워졌고, 가격 검색할 때 왜 자꾸 스마일카드 첫 구매 쿠폰 적용가로 띄워요?ㅡㅡ 가격 검색 의미를 잃었어요. 짜증나니까 적용 해제 선택할 수 있게 해주든가요..",2,가**,지마켓
PLAY_gmarket_001003,google_play,2025-06-01,"외부에서 상품 링크 이동시 한번에 이동되지 않음. 위 리뷰 후 재현되지 않는다는 답변이 달렸는데 오류, 버그도 아니고 앱 기능인데 재현되지 않는다는 답변이 이해 되지 않네요. 아마 문제가 있다는 리뷰는 동일한 답변을 하는것 같아요. 추가: 다나와 가격비교에서 들어가 보시고 11 번가, 네이버 스토어랑 비교해 보세요.",1,이**,지마켓
PLAY_gmarket_001004,google_play,2025-05-31,편하게 잘사용하고있답니다,5,정**,지마켓
PLAY_gmarket_001007,google_play,2025-05-30,1. 업데이트된건가? 왜 갑자기 히스토리 누르면 최근본 상품이 없습니다 뜨는거죠? 검색어도 안나오고..예전에 뭐사면 연관상품뜨는것도 없고..하..혹시나해서 앱 지웠다가 다시 깔았는데도 똑같아요! 돌려줘요~ 넘넘 불편해요!!2. 그리고 주문내역 상품확인누르는거 일일히 하나하나 눌러야는데 5번이나 눌르니까 너무 번거로워요..; 비슷한상품 4~5개만사도 20번이나 누르고..네이버처럼 한번에 누르기나 며칠뒤 자동확인으로 해주세요!!넘넘 불편해요!!하..3. 그리고 장바구니 200~300개로 늘려주세요~하..당장에 다 안사도 넣어놓고 나중에 기회되면 사고싶은거 많은데 100개는 좀..넘 적어요..제발~~,3,매******,지마켓
PLAY_gmarket_001008,google_play,2025-05-30,아 거지 같다 뭔 상품 가격을 스마일카드 할인을 처 받은 가격을 표준가로 표시를 하냐 니들이 생각해도 다른 마켓 앱들 보다 비싸다는 걸 느끼나 보네 그러니 할인 쿠폰 다 때려 박고 스마일카드 첫 결제 할인 까지 다 처 받은 걸 표준 가격인 것 처럼 표시 한 거 겠지,1,f***********,지마켓
PLAY_gmarket_001009,google_play,2025-05-30,전 필요한 물건이 있으면 거의g마켓 에서 해결해요 다양한 물건과 저렴하고 합리적인 가격에 만족도가 높아요 .,5,이**,지마켓
PLAY_gmarket_001011,google_play,2025-05-30,저 보석십자수 펜 주문 했는데 전화도 안받고 계속 끊어짐니다 그리고 해회가아닌데 해회직후라고하더라고요 장난합니까? 그리고 오늘 오는 날인데 정말 실망 입니다!!,1,S*********,지마켓
PLAY_gmarket_001012,google_play,2025-05-29,가격저렴..배송도쿠팡처럼빨리왔음더좋을것같음,5,이**,지마켓
PLAY_gmarket_001014,google_play,2025-05-29,사용하기 편하고 좋아요^^,5,권**,지마켓
PLAY_gmarket_001015,google_play,2025-05-28,구매하기 편하고 좋아요,5,이**,지마켓
PLAY_gmarket_001018,google_play,2025-05-27,별로. 돈주고 가입하라고 동 용함,1,경**,지마켓
PLAY_gmarket_001019,google_play,2025-05-27,도대체 뭡니까 왜 갑자기 컴하고 연동이 안되고 아이디 비번이 틀리다고~~~,1,김**,지마켓
PLAY_gmarket_001021,google_play,2025-05-26,좋은 물건 저렴하게 구입가능해서 좋아요,5,정**,지마켓
PLAY_gmarket_001022,google_play,2025-05-26,빠른 배송 처리가 신속하네요,5,이**,지마켓
PLAY_gmarket_001023,google_play,2025-05-26,항상 고생하시네. 그리고 항상 감사합니다 비오든 눈이 오든 항상 배달 내주시고. 항상 고맙습니다. 항상 행복하시고 좋은 일이 있도록 기도해 드리겠습니다,5,배**,지마켓
PLAY_gmarket_001024,google_play,2025-05-26,언제나 믿고. 구매하는 G마켓 신뢰와 사후처리과정 정확한 상담처리에 홍보를 많이 하고 있어요,5,방*****,지마켓
PLAY_gmarket_001027,google_play,2025-05-26,오래동안 사용하고 있지만 만족합니다,5,d***,지마켓
PLAY_gmarket_001028,google_play,2025-05-26,아주 아주 착한 가격 입니다,5,H********,지마켓
PLAY_gmarket_001029,google_play,2025-05-25,항상 이용하고 있습니다.,4,김**,지마켓
PLAY_gmarket_001032,google_play,2025-05-23,터치가 잘않되서 짱증남,1,조**,지마켓
PLAY_gmarket_001033,google_play,2025-05-23,인터넷 최저가라 좋아요,5,y*******,지마켓
PLAY_gmarket_001035,google_play,2025-05-23,네이버 로그인으로 쓰는데 앱들어갈때마다 로그인 풀리는거 원래 이러는거임? 쿠팡 네이버스토어한테 파이 싹다뺏기라고 고사지내는건가...,1,크*****,지마켓
PLAY_gmarket_001036,google_play,2025-05-23,타 쇼핑몰보다 가성비 갑이네요,5,김**,지마켓
PLAY_gmarket_001037,google_play,2025-05-23,사용편리하고 할인쿠폰에 몇천원식 캐쉬적립도 선물주시고 잘사용하여~ 감사합니다,5,해**,지마켓
PLAY_gmarket_001039,google_play,2025-05-22,늘 지마켓은 쿠폰 이용하여 묶음으로 싸게살수있어좋네ㅛ,5,a**********,지마켓
PLAY_gmarket_001040,google_play,2025-05-22,편안하게 쇼핑하고 할인받고 최고예요,5,송***,지마켓
PLAY_gmarket_001042,google_play,2025-05-21,G마켓 할인도 많이 하고 좋은제품 많이 있고 최저가도 위에 뜨니까 싸게 잘 살 수 있어서 좋아요~~,5,박**,지마켓
PLAY_gmarket_001043,google_play,2025-05-21,로그인은 로그인대로 계속 풀려싸코.. 페이지 width 풀로 쓰지도않고 상품명은 다 잘라놓고...,1,M**********************,지마켓
PLAY_gmarket_001044,google_play,2025-05-21,짝풍이 없는거 같아 좋아요,4,이********,지마켓
PLAY_gmarket_001045,google_play,2025-05-21,열심내시면 좋은결과 있겠지요^^,5,김**,지마켓
PLAY_gmarket_001047,google_play,2025-05-20,좋은 제품 좋은 회사 좋은 플랫폼,5,기*,지마켓
PLAY_gmarket_001048,google_play,2025-05-20,쇼핑하기 편리합니다 가격한인 맘에 속듭니,4,하**,지마켓
PLAY_gmarket_001052,google_play,2025-05-20,주문이 계속 실패해요,5,새***,지마켓
PLAY_gmarket_001054,google_play,2025-05-19,좋은상품 저렴하게 구매해서 좋아요,5,고**,지마켓
PLAY_gmarket_001055,google_play,2025-05-19,전 G마켓만 이용합니다,5,김**,지마켓
PLAY_gmarket_001056,google_play,2025-05-19,왜 자꾸 로그아웃시키는지;,3,4******,지마켓
PLAY_gmarket_001057,google_play,2025-05-18,아주 만족합니다. 아주 좋습니다.,5,북*,지마켓
PLAY_gmarket_001058,google_play,2025-05-18,G마켓 유니버스 클럽 빨리 해지가 됐으면 좋겠으면 좋겠는데.... 6월6일에 해지가 된다는게 말이 된다는게 말이 됩니까.....탈퇴를 하려니까 유니버스 해지부터 하고 탈퇴를 하라니까 화가나네요 그리고 물품이 제대로 없는거같네요 그리고 지마켓 장점은 할인율을 많이 해줘서 그건 좋은거 같아요!,3,이**,지마켓
PLAY_gmarket_001059,google_play,2025-05-18,이거왜ᆢ언제부턴가앱이안열려요ᆢ뭐이따위ㅋ 뭐우야잔말인지 이래가장사하겠다고 휴 한심하네요 앱지우고 다시깔아라든지ᆢ어떠한공지도없고ᆢ 한마디로 관리가 개판이에요ㅋ 반성좀하고삽시다,1,김**,지마켓
PLAY_gmarket_001061,google_play,2025-05-18,상당희 고객입장에서 편하게 되있네요. 고싱한 흔적이 보여요^^,5,오**,지마켓
PLAY_gmarket_001062,google_play,2025-05-18,좋은 제품 착한 가격으로 판매해줘서 좋아요,5,L*************,지마켓
PLAY_gmarket_001064,google_play,2025-05-18,싸고 물건 많고 좋아요,5,박**,지마켓
PLAY_gmarket_001066,google_play,2025-05-17,스탬프 퀴즈 할때마다 기분 더러움. 내가 왜 지들 행사 혜택 그런걸 공부해야 하나 싶음. 왜 고객을 조교질하는지 기분 더러움.,1,카*******,지마켓
PLAY_gmarket_001067,google_play,2025-05-17,언제나 G마켓이 답이다.,5,차**,지마켓
PLAY_gmarket_001068,google_play,2025-05-17,믿음이 최우선 그리고 원하는 물건 거의다 있고 저렴하게 구매할수 있어서 아주아주 😀 👍 좋아요.,5,임**,지마켓
PLAY_gmarket_001069,google_play,2025-05-16,마켓 중 가장 신뢰가 간다.,5,장**,지마켓
PLAY_gmarket_001072,google_play,2025-05-16,좋아요 잘이용중입니다,5,재*********,지마켓
PLAY_gmarket_001073,google_play,2025-05-16,쿠폰이 자동 적용되니 너무 좋네요,5,신**,지마켓
PLAY_gmarket_001074,google_play,2025-05-16,싸고 좋아요 마니마니,4,김**,지마켓
PLAY_gmarket_001075,google_play,2025-05-16,고객 입장에선 무이자할부 길고~~~ 할인쿠폰 많이주고 판매자관리 잘되고~있고 좋은물건 판매하면 꾸준히 오랜고객이~되죠~^^ 가끔~말도 안되는 판매자나 판매문의글 할때 어의없는 판매도 종종보여여 그런~사장님 관리좀 해주세요...ㅜㅜ,4,이**,지마켓
PLAY_gmarket_001076,google_play,2025-05-15,핫딜상품 많고 구성 좋아요,5,신**********,지마켓
PLAY_gmarket_001078,google_play,2025-05-15,앱이 한 번씩 먹통이 됨 로그인도 안되고 페이지 이동도 안되고 그냥 하얀 화면만 뜸 왜 이러는지 모르겠는데 답답해 미침,1,P*******,지마켓
PLAY_gmarket_001079,google_play,2025-05-15,중복쿠폰 발급받아서 좋아요,5,송**,지마켓
PLAY_gmarket_001080,google_play,2025-05-15,쿠폰도 많고 배송도 빠르고 굿입니다~^^,5,김***,지마켓
PLAY_gmarket_001082,google_play,2025-05-15,포인트로 구매했어요ㅎ,5,김**,지마켓
PLAY_gmarket_001083,google_play,2025-05-15,쿠팡보다 저렴합니다. 많이들 이용하세요.,5,고**,지마켓
PLAY_gmarket_001084,google_play,2025-05-15,잠금 해제할 때마다 자동 실행되는데 악성 앱인가요?,1,M*******,지마켓
PLAY_gmarket_001085,google_play,2025-05-15,할인률아 높아 좋아요,5,정**,지마켓
PLAY_gmarket_001086,google_play,2025-05-15,",너무좋아요 저렴해요,,",5,김**,지마켓
PLAY_gmarket_001087,google_play,2025-05-15,좋은앱 잘쓰고있네요 근데 폰을 바꾸고난후 화면이 커지지도않고 줌 도않돼네요 어떻게하면 될까요?,5,강**,지마켓
PLAY_gmarket_001088,google_play,2025-05-15,쇼핑하기 편하고 좋네요,4,양**,지마켓
PLAY_gmarket_001089,google_play,2025-05-15,빠른배송과 상품할인쿠폰 너무 좋아요,5,이**,지마켓
PLAY_gmarket_001093,google_play,2025-05-14,제대로 된 가격 비교가 너무 힘듭니다. 스마일카드를 안 쓰는데 첫결제 할인 7만원 포함된 가격이 나와서 제대로 된 가격 비교가 안되요. 전부 다 할인이면 그냥 할인 가격 빼고 비교하면되는데 다 할인되는것도 아님. 쓰지도 않는 첫결제 할인때문에 ㅠ.ㅠ 그래서 좀 더 저렴한 상품이 있다면서 뜨는것도 맞지가 않음. 옵션에서 첫결제 할인 안뜨게 설정할 수 있게 헤주세요. 고객센터도 자주묻는 질문만 있고 따로 문의할려면 전화해야하는거 같던데요..,3,K*******,지마켓
PLAY_gmarket_001094,google_play,2025-05-14,타 사이트보다 같은제품인데 더싸게 샀네용,5,김**,지마켓
PLAY_gmarket_001095,google_play,2025-05-14,항상 다른 곳보다 저렴해서 좋아요 감사합니다 ~~^^,5,박**,지마켓
PLAY_gmarket_001096,google_play,2025-05-13,제가 앱을 켜지 않아도 자동으로 실행되어서 휴대폰을 키면 지마켓앱이 켜집니다. 이러한 오류가 최근에 잦아서 불편해서 앱을 지울까 생각중입니다.,2,슈*,지마켓
PLAY_gmarket_001097,google_play,2025-05-13,믿을 수 있고 상품 좋고요,5,강**,지마켓
PLAY_gmarket_001099,google_play,2025-05-13,스마일캐시 소멸 카톡 거짓 알림 이것좀 수정좀 하세요,1,강**,지마켓
PLAY_gmarket_001100,google_play,2025-05-13,좋은상품 들을 믿고 살수 있어 좋아요,4,샤**,지마켓
PLAY_gmarket_001103,google_play,2025-05-12,빅 스마일데이 할인은 타의 추종불가입니다 강추!,5,M*******,지마켓
PLAY_gmarket_001104,google_play,2025-05-12,지금부터 G마켙입니다. 지인이 지마켙권유를 해도 안했는데 역시 최고입니다. 성장하시길 기원합니다. 쿠ㅇ이제는 끝입니다.,5,김**,지마켓
PLAY_gmarket_001110,google_play,2025-05-12,타포인트 모아서 사용가능한 머니로 한번에 전환하는 부분도 그렇고..주문하기 좀 더 편리해진것같아요.,5,이**,지마켓
PLAY_gmarket_001112,google_play,2025-05-11,지마켓도 혜택 괜찮습니다,4,계****,지마켓
PLAY_gmarket_001113,google_play,2025-05-11,장보기 참 좋아요~,5,회*****,지마켓
PLAY_gmarket_001114,google_play,2025-05-11,포인트사용 기간이 너무짧아요ㅜㅜ,4,김**,지마켓
PLAY_gmarket_001115,google_play,2025-05-11,쇼핑하리 편하고 좋아요,5,s*******************,지마켓
PLAY_gmarket_001116,google_play,2025-05-11,좋아요 적극추천합니다,5,서**,지마켓
PLAY_gmarket_001119,google_play,2025-05-11,가장 저렴하게 올려주셔서 감사해요,5,김**,지마켓
PLAY_gmarket_001120,google_play,2025-05-11,좋은 제품을 저렴하게 구매할수 있어서 아주 만족합니다. 추천합니다~,5,황**,지마켓
PLAY_gmarket_001121,google_play,2025-05-10,늘이용하는 제품. 잘쓸께요,5,차************,지마켓
PLAY_gmarket_001125,google_play,2025-05-10,압데이트 하고 나서 거지같이 됐네요. 아이크림 검색했는데 염색약이 주르륵 나오는데 안 나오게 하는 방법도 없고 브랜드 선택해서 검색해도 염색약이 나오고 이게 뭡니까?,1,l******,지마켓
PLAY_gmarket_001126,google_play,2025-05-10,중국 상품이 너무 많고 지마켓에서 무분별하게 노출 하는 느낌입니다. 쿠팡이 더 좋아요. 조만간 탈퇴할 예정입니다.,1,이**,지마켓
PLAY_gmarket_001127,google_play,2025-05-10,할인이벤트도 좋고 아주 좋습니다,5,안**,지마켓
PLAY_gmarket_001128,google_play,2025-05-10,"결제가 빨라서 좋아요,",5,정**,지마켓
PLAY_gmarket_001129,google_play,2025-05-10,많은 상품이 비교해 선택할 수 있는 것이 좋아요,5,강**,지마켓
PLAY_gmarket_001130,google_play,2025-05-10,저렴한가격으로 구입하게되어 빠른배송 감사드립니다,5,황**,지마켓
PLAY_gmarket_001131,google_play,2025-05-10,저렴하고 제품 좋아요,5,오**,지마켓
PLAY_gmarket_001132,google_play,2025-05-09,지마켓 좋아요♡ 간혹 까다로울수있는 요청에도 잘 응대해주고 오랜기간사용한 소비자로써 편리하게 애용중.,5,김**,지마켓
PLAY_gmarket_001133,google_play,2025-05-09,우수한 제품을 저렴한 가격에 판매하는군요 ~,5,정**,지마켓
PLAY_gmarket_001134,google_play,2025-05-09,화면이 계속 안떠요 ..쇼핑을 할수가없네요,1,M**********,지마켓
PLAY_gmarket_001135,google_play,2025-05-09,왜이렇게 오류가 나는지.. 로그인 안되고..,3,장**,지마켓
PLAY_gmarket_001136,google_play,2025-05-09,식당에서 닭목살을 먹어봤는데 맛있어서 시켰어요,5,은**,지마켓
PLAY_gmarket_001137,google_play,2025-05-09,공유하기 버튼을 거기다 달아두면 스크롤할때마다 눌리잖아 테스트 안하냐고 하,1,G*********,지마켓
PLAY_gmarket_001139,google_play,2025-05-08,세일해서 저렴하게 사게되서 좋아요,4,B********,지마켓
PLAY_gmarket_001141,google_play,2025-05-08,"주로 중계 플랫폼을 이용했는데, 의외로 바로 들어오니 더 저렴하네요. 자주 사용 예정입니다.",5,J**********,지마켓
PLAY_gmarket_001142,google_play,2025-05-08,구매하기 편리하고 상품읫할인율이높아요 다음에도구매할깨요,5,이**,지마켓
PLAY_gmarket_001144,google_play,2025-05-07,맛있다 하는 후기상품평 보구 주문 합니다,5,김**,지마켓
PLAY_gmarket_001146,google_play,2025-05-07,빅스마일데이여도..화면이 보여야 사죠.. 로딩되는 거 처럼 한참이 지나도 아무것도 안 보임..업뎃도 최신인데 왜이러나요;;,3,J***,지마켓
PLAY_gmarket_001148,google_play,2025-05-07,중복쿠폰에 스마일카드7만원은 왜붙는거요 쓰는거 일부일텐대 죄다 할인가 포함이라 짜증이네,1,윤**,지마켓
PLAY_gmarket_001149,google_play,2025-05-07,정말 사용할수록 짜증나네요.. 언젠가부터 옆에서 광고가 수시로 튀어나오더니... 이젠 위에서 튀어나오네요.. 메인화면 가는게 뭐가 그리 힘든지.... 깔끔하고 신박하게 쫌!!!!,1,J**************,지마켓
PLAY_gmarket_001152,google_play,2025-05-05,가끔 접속시 멈춥니다,4,임**,지마켓
PLAY_gmarket_001153,google_play,2025-05-05,할인 받고 잘 샀어요.,5,구**,지마켓
PLAY_gmarket_001154,google_play,2025-05-05,항상 잘 이용하고 있어요,5,유**,지마켓
PLAY_gmarket_001156,google_play,2025-05-03,설명서에 라디오 용어가 있는데.. 자체 라디오는 없다.,1,이**,지마켓
PLAY_gmarket_001159,google_play,2025-05-03,모든것에 만족합니다,5,여**,지마켓
PLAY_gmarket_001160,google_play,2025-05-02,생각보다 별로 사람 말도 못알아 먹음 심지어 대충해줌 이건 아닌듯 이용하지말고 쿠팡 사용하셈 심지어 물건구매했는데 그건도10일이나 기다려서 근데 망가져있다 이게 실화 그냥 사용하지 마세요 환불을 요청했는데 이상한거 요청하고 참 시스템 아주칭찬해........,1,추*,지마켓
PLAY_gmarket_001161,google_play,2025-05-02,할인도 많이 되고 좋습니다. 필요한 물건 있을땐 잘 애용합니다.,5,서****,지마켓
PLAY_gmarket_001162,google_play,2025-05-01,베지밀날짜가 안적혀 있네요 날짜표시좀 해주세요,4,김**,지마켓
PLAY_gmarket_001163,google_play,2025-05-01,매번 구매하는 제품입니다. 쿠폰으로 싸게 구입했네요.,5,두***,지마켓
PLAY_gmarket_001167,google_play,2025-04-30,구글 로그인 안된다,2,r*******,지마켓
PLAY_gmarket_001170,google_play,2025-04-29,편하게믿고잘이용하고있습니다♡,5,박**,지마켓
PLAY_gmarket_001172,google_play,2025-04-29,좋아요 좋아요 좋아요 좋아요 좋아요 좋아요 좋아요,5,박**,지마켓
PLAY_gmarket_001173,google_play,2025-04-28,좋아요 ~~~~~~~~~~,5,이**,지마켓
PLAY_gmarket_001175,google_play,2025-04-27,좋은 할이느좋은가격,5,박**,지마켓
PLAY_gmarket_001177,google_play,2025-04-26,가성비 좋은 상품들이 많아서 좋아요.,4,이**,지마켓
PLAY_gmarket_001178,google_play,2025-04-26,원산지를 잘 보이도록 표시하시오.,5,강**,지마켓
PLAY_gmarket_001179,google_play,2025-04-26,항상 쓰고있는 화장지 G마켓에서 너무 저렴하네요,5,정**,지마켓
PLAY_gmarket_001182,google_play,2025-04-25,가격비교 해봐도 저렴해서 항상 지마켓 주문하게 되요^^,5,서**,지마켓
PLAY_gmarket_001183,google_play,2025-04-25,화면 넘어가는 속도 너무 느려요...,1,满*****,지마켓
PLAY_gmarket_001184,google_play,2025-04-24,좋은 상품 저렴하게 판매해서 좋아요,5,이**,지마켓
PLAY_gmarket_001185,google_play,2025-04-24,구매하기가 편해요.,5,W***********,지마켓
PLAY_gmarket_001187,google_play,2025-04-24,할인 많이많이해주삼,5,최**,지마켓
PLAY_gmarket_001188,google_play,2025-04-24,앱 로딩 엄청 걸림. 주문내역 좀 확인하려면 10분 기본,1,H******,지마켓
PLAY_gmarket_001189,google_play,2025-04-23,쿠폰 할인 적용 잘 했다고 생각하고 결제하려는데 최대 할인 적용하기 선택했더니 자동으로 더 할인받을 수 있게 쿠폰 적용을 다시 해주네요. 덕분에 더 저렴하게 구매했습니다. ^^,5,거*,지마켓
PLAY_gmarket_001192,google_play,2025-04-22,"이곳에서 판다는 사과 절대 사지마세요.얼마전에 34,300원(택배비 무료)에 대과 10kg 보내준다더니 세상에 사과가 작은 귤만하고 그나마 사방에 멍든것만 보내서 너무 실망했어요.. 그리고 맛도 퍼걱퍼걱해 아무리 아깝다고 이런것을 팔아먹어요? 소비자를 이렇게 속여서 쓰겠습니까.. 난 74세의 노인입니다.. 설마 속이기야 하겠어? 하고 산것인데 차라리 35,000원 주고 가까운 마트에서 살것을 이렇게까지 해야 하는지 모르겠네요.. 이게 사기지 무었입니까? 이런거 보내지말고 생산자나 배터지게 드세요.. 죄 받습니다.. 화가 엄청남...",1,김**,지마켓
PLAY_gmarket_001196,google_play,2025-04-20,자동로그인이 왜 풀려있을까요 시크릿쿠폰 창 좀 그만 좀,1,l****,지마켓
PLAY_gmarket_001199,google_play,2025-04-17,안내 잘 해주시어 빠르게 주문완료 했습니다.,5,하***,지마켓
PLAY_gmarket_001200,google_play,2025-04-17,좋아요 ㅎㅎ ~^^,5,임**,지마켓
PLAY_gmarket_001201,google_play,2025-04-16,다른사이트보다 저렴하고 결제가 편함,5,신**,지마켓
PLAY_gmarket_001202,google_play,2025-04-16,최저가 고품질 빠르고안전배송 👍,5,정**,지마켓
PLAY_gmarket_001203,google_play,2025-04-16,좋아요 다음에 또 구매요,5,김**,지마켓
PLAY_gmarket_001204,google_play,2025-04-16,세일 많이하고 가격할인쿠폰 많아서 좋아요,5,황**,지마켓
PLAY_gmarket_001205,google_play,2025-04-16,내가 지마켓을 이용 안하는 이유 1.스마일 카드. u클럽.쿠폰 아무리 적용해도 말장난뿐임.쿠팡에서 쿠폰없이 일반가로 사로 지마켓 모든할인 적용된것 보다 싸다. 2.상품이 쿠팡보다 다양성이 없다. 3.배송이 느리다. 끝.,1,m*****,지마켓
PLAY_gmarket_001207,google_play,2025-04-16,앱을 실행하지도 않았는데 화면열면 자동으로 지마켓이 뜨도록 만든건 대체 어떤 막되먹은 기업윤리와 보안의식을 가졌으면 가능한거죠?,1,K***********,지마켓
PLAY_gmarket_001208,google_play,2025-04-16,저렴해서 잘 구매하고 있어요^^,5,K********,지마켓
PLAY_gmarket_001209,google_play,2025-04-16,쿠폰적용이 잘되어있어요,5,이**,지마켓
PLAY_gmarket_001210,google_play,2025-04-15,항상 이벤트랑 쿠폰이 많아서 기분좋게 쇼핑합니다. 지마켓과 옥션 완전 단골입니다.쇼핑몰이 번성하길 기원합니다.,5,심**,지마켓
PLAY_gmarket_001211,google_play,2025-04-15,다양한 제품을 돌아가며 크게 할인판매하여 좋습니다. 상품배너가 기분좋게 배열되어있어요,5,S********,지마켓
PLAY_gmarket_001214,google_play,2025-04-15,주문이 편하고 가격도 저렴하네요.,4,D*********,지마켓
PLAY_gmarket_001215,google_play,2025-04-15,좋아서 늘 사용해요,5,H******,지마켓
PLAY_gmarket_001216,google_play,2025-04-15,항상 애용하는 온라인몰이예요.,5,이**,지마켓
PLAY_gmarket_001217,google_play,2025-04-15,라면 3종을 구매했어요 저렴하게 구매한것 같아 좋아요 잘 먹겠습니다 감사합니다,5,박**,지마켓
PLAY_gmarket_001218,google_play,2025-04-15,늘 저렴하게 잘샀어요,5,박**,지마켓
PLAY_gmarket_001220,google_play,2025-04-14,다양한 할인 혜택이 있어 좋아요,5,원**,지마켓
PLAY_gmarket_001223,google_play,2025-04-14,토스 포인트 잘 들어옴,5,r*******,지마켓
PLAY_gmarket_001225,google_play,2025-04-14,전화번호 안바뀌서요,1,박**,지마켓
PLAY_gmarket_001226,google_play,2025-04-13,편하고 믿음이 가요~ ^^,5,손**,지마켓
PLAY_gmarket_001228,google_play,2025-04-13,좋습니다 대박나세요,5,김**,지마켓
PLAY_gmarket_001229,google_play,2025-04-13,가격이 저렴하고 신선해요.,5,김**,지마켓
PLAY_gmarket_001232,google_play,2025-04-13,관심 광고를 크릭하면 해당 광고가 떠야지 뭔 종합광고 물건만. ㅉ.ㅉ.,1,임**,지마켓
PLAY_gmarket_001234,google_play,2025-04-13,상담원과통화가좀어려어서그렇치 전반적으로상품들다맘에들어요,5,젠**,지마켓
PLAY_gmarket_001236,google_play,2025-04-12,쿠팡보다 좋음.개인적의견,4,장**,지마켓
PLAY_gmarket_001238,google_play,2025-04-12,스마일 결재 처음해보는건데 좀 복잡해요,5,오*******,지마켓
PLAY_gmarket_001242,google_play,2025-04-11,쥐마켓도 생각해보니 20년 넘었네요^^ 스마일 카드로 장잘보고 있습니다 :),5,T**********,지마켓
PLAY_gmarket_001243,google_play,2025-04-10,포인트 적립 및 할인쿠폰도 적용이 바로 되고 판매자와 문제시 고객센터 응대도 빠릅니다 몇년째 끈을 놓지않고 있어요^^,5,김**,지마켓
PLAY_gmarket_001244,google_play,2025-04-10,주문결제 너무편리하고 좋아요 ~감사합니다 ^^,4,지**,지마켓
PLAY_gmarket_001245,google_play,2025-04-09,할인폭이 크고 마음에 들어요,5,오**,지마켓
PLAY_gmarket_001246,google_play,2025-04-09,좋아요 앞으로도 쭉 이용할께요,5,구***,지마켓
PLAY_gmarket_001249,google_play,2025-04-09,화면켜질때마다 간헐적으로 사용자 조작없이 앱이 켜지는데 설정을 어디서 해야하냐,1,g**************,지마켓
PLAY_gmarket_001250,google_play,2025-04-09,할인도 받고 넘 좋아요,5,황**,지마켓
PLAY_gmarket_001252,google_play,2025-04-09,출석이벤트에서 받은 무료배송 쿠폰은 어디에 사용하나요?적용이 안되네요.,5,R******,지마켓
PLAY_gmarket_001253,google_play,2025-04-08,g마켓 갈수록 양아치스러워지네요. 웬만해선 참고 그냥 쓰려는데 해도해도 너무하네 초반엔 고객응대도 괜찮고 판매자와 고개간에 조율도 나쁘지않았는데.. 테무나 알리 같은데서 싸구려상품 쿠폰 남발하는거 보고 반대로 쿠폰 아끼려는지 돌림판은 기존포인트 반토막 내서 그걸 또 당첨 확률까지 최악으로조절.. 와.. 더티.. 쿠폰매일뿌리는듯 하면서 주로5프로. 제일 짜증나는건 오늘 드디어 고의적 오류인지 뭔지 이시간이면 고쳐졌어야할 오류인데 결제 직전제 잊은쿠폰 다시 챙겨준다면서 체크하는거 곳곳에 만들어 놓고 막상 눌러보니.. 오히려 기존 할인된거처럼 할인처리는 표시해놓고 실제 계산은 할인 안된 상태로 계산을 하네? 이건.. 뭐 아무생각없이 믿고 누르다 통수치겠다는건데. 통슨맞은사람 많을듯. 오늘 커피 떨어져서 400개와170개짜리삼 400개는나이트쿠폰할인 170개는15프로할인함 75000원정도됨 결제직전 잊은쿠폰찾아서 계산해준다고 누름 8만원결제.. 이상해서보니15프로할인덜됨.이런식.,1,웃***,지마켓
PLAY_gmarket_001254,google_play,2025-04-08,매번 이용하는 최애,5,준*,지마켓
PLAY_gmarket_001255,google_play,2025-04-08,"바우처 결제 아니면 절대 안쓸 앱 1.쿠팡보다 판매 상품,종류 적음 2.쿠팡보다 10퍼정도 비쌈. 판매자 적은건 5배로 받아ㅊ먹더라 3.배송비가 상품별로 별도임. 여러상품 사면 배송비 따로따로 4.유일한 장점. 구독이 저렴하고 연단위임. 다만 혜택은 별로. 할인 쿠폰이랑 식품류(만) 스마일배송. 근데 지방은 해당되는게 많이 없음",1,묘,지마켓
PLAY_gmarket_001256,google_play,2025-04-08,좋아요~자주애용하는곳입니다,5,민**,지마켓
PLAY_gmarket_001261,google_play,2025-04-07,요즘은 ?팡보단 지마켓이 대세인듯 합니다.,5,D*********,지마켓
PLAY_gmarket_001262,google_play,2025-04-07,사진선택할때 앨범선택에 한계가 있어 불편함,3,ᆞ********,지마켓
PLAY_gmarket_001263,google_play,2025-04-07,타 쇼핑몰과 더 열심히 가격경쟁을 해주세요.,4,y*****,지마켓
PLAY_gmarket_001264,google_play,2025-04-07,쿠폰 마이 주세요 매번 저렴히 구매중입니다,5,김**,지마켓
PLAY_gmarket_001265,google_play,2025-04-07,할인에 스마트카드 할인 두번이나 되었네요 너무너무 좋아요,5,김**,지마켓
PLAY_gmarket_001266,google_play,2025-04-07,좋은 상품 추천합나다,5,내****,지마켓
PLAY_gmarket_001268,google_play,2025-04-06,항상 편하게 가격도 저렴하게 할인도 많이해주셔서 믿고 주문하고 있어요~,5,김**,지마켓
PLAY_gmarket_001269,google_play,2025-04-06,적용된 쿠폰 또는 상품제한으로 모든 결제수단이 차단되었습니다. 확인후 다시 주문을 해주시기 바랍니다. 이거 어케 고치노;; 빡쳐서 폰 던졌네,1,헤*,지마켓
PLAY_gmarket_001273,google_play,2025-04-06,쿠폰적용이 이상합니다. 결제하기 로딩때문에 쿠폰적용 안되는건 받아줘야하는거 아닌가요? 59분에 쿠폰적용된거 결제하고 있는데 로딩중에 12시되었다고 오류뜨면서 결제가 안 되네요,1,진**,지마켓
PLAY_gmarket_001274,google_play,2025-04-05,너무너무 감사 합니다,5,석**,지마켓
PLAY_gmarket_001275,google_play,2025-04-05,아니 왜 검색결과에서 필터링이 없어졌죠? 장난하나 옥션은 여전히 되는데 지마켓은 앱에서 검색 기능이 그냥 없는 기능되버렸네 이거 개짜증 나니까 빨리 원복시켜놔요 광고 섞는 게 문제가 아니라 검색이 그냥 하,1,K*****,지마켓
PLAY_gmarket_001277,google_play,2025-04-05,저렴해요..할인행사 많이하구요,5,S*********,지마켓
PLAY_gmarket_001279,google_play,2025-04-05,저렴해서자주이용할것같아요.G마켓화이팅하세요~~,5,ᆢ***************,지마켓
PLAY_gmarket_001282,google_play,2025-04-04,어느 순간부터 갑자기 핸드폰 키면 자동으로 g마켓 앱이 실행되어 있습니다 무슨 바이러스도 아니고 지멋대로 실행해놔서 삭제합니다,1,3******,지마켓
PLAY_gmarket_001284,google_play,2025-04-04,저렴하게 잘 구매했습니다,5,김**,지마켓
PLAY_gmarket_001285,google_play,2025-04-04,싸고 잘 삶아지는듯하네요~~!!,5,콩*,지마켓
PLAY_gmarket_001286,google_play,2025-04-04,편하고 배송도 빠르고 고객센터도 매우 친절하네요,5,장**,지마켓
PLAY_gmarket_001287,google_play,2025-04-04,"좋은 제품,좋은가격 잘 부탁 드립니다",5,이**,지마켓
PLAY_gmarket_001289,google_play,2025-04-04,저렴하게 잘 샀습니다~ 감사,5,아****,지마켓
PLAY_gmarket_001290,google_play,2025-04-03,사용하기편하고 쿠폰발급도 다양해좋아요,5,김**,지마켓
PLAY_gmarket_001293,google_play,2025-04-02,편하게 집에서 받았습니다,5,권**,지마켓
PLAY_gmarket_001294,google_play,2025-04-02,수영복이 짱짱하고 가성비 너무너무 좋아요~~~,5,민**,지마켓
PLAY_gmarket_001299,google_play,2025-04-01,스타배송 이어도 읍면동에 살면 지정일보다 늦게오고 보상 안해줍니다 참고하세요,1,ᄋ,지마켓
PLAY_gmarket_001300,google_play,2025-04-01,오랫만에 왔더니 5000쿠폰 좋아요~,5,L***********,지마켓
PLAY_gmarket_001301,google_play,2025-04-01,늘 애용하는 지마켓,5,샤*,지마켓
PLAY_gmarket_001302,google_play,2025-03-31,아주 편리한쇼핑 만족합니다 제품이 좀더 다야했음 좋겠어요~~~,5,손**,지마켓
PLAY_gmarket_001303,google_play,2025-03-31,결제가 아주 쉬워서 좋았어요,5,우*,지마켓
PLAY_gmarket_001304,google_play,2025-03-31,이 제품은 다른 온라인마트보다 매우 저렴,5,임**,지마켓
PLAY_gmarket_001306,google_play,2025-03-30,유니버스 쿠폰 좋아요,5,김**,지마켓
PLAY_gmarket_001307,google_play,2025-03-30,배송도 빠르고 제품도 아주 좋아요.ㅎ,5,이**,지마켓
PLAY_gmarket_001308,google_play,2025-03-30,언제나 그렇지만 햅삐,5,h***********,지마켓
PLAY_gmarket_001309,google_play,2025-03-30,하다 하다 못하고 쿠팡에서 쉽게 할 수있네요,1,박**,지마켓
PLAY_gmarket_001310,google_play,2025-03-29,G마켓 최고에요 착한가격 품질1위 자주이용합니다,5,남**,지마켓
PLAY_gmarket_001313,google_play,2025-03-29,아직안써봤느데 리뷰가 좋아요,5,이**,지마켓
PLAY_gmarket_001314,google_play,2025-03-29,너무빨리배달돼서너무좋아요.,5,곡**,지마켓
PLAY_gmarket_001315,google_play,2025-03-28,지마켓 짱짱짱~~♡♡♡,5,선***,지마켓
PLAY_gmarket_001317,google_play,2025-03-27,유용하게 쓰고 있지만 아쉬움이 있어 글 남깁니다. 업체에서 재고 여부를 제대로 조사하지 않다 소비자가 주문하면 그제서야 물품 없음을 알아보고 일방적으로 연락도 없이 주문취소 및 환불처리하는 일이 종종 발생합니다. 업체 이해하고 다른 대체품 찾아 주문하니 이번에는 친절히 연락은 주지만 물품 없다는 걸 나중에야 확인하고 통지하는 것은 동일합니다. '지마켓=상품 재고조사조차 제대로 못 하는 업체들 집합소'라는 이미지가 생겼습니다. 돈과 예산 쓰면서 스트레스 받느니 아예 지마켓을 쓰지 않고 싶다는 생각이 부쩍 커집니다.,1,R********,지마켓
PLAY_gmarket_001318,google_play,2025-03-27,항상쓰는 지마켓 최고,5,김**,지마켓
PLAY_gmarket_001321,google_play,2025-03-26,오래 거래한만큼 믿음으로 신뢰로 거래합니다,5,여***,지마켓
PLAY_gmarket_001322,google_play,2025-03-26,여러제품 일괄구매 좋아요,5,박**,지마켓
PLAY_gmarket_001323,google_play,2025-03-26,배송메세지에 한자입력 해야되는데 안되네요ㅡ,3,아******,지마켓
PLAY_gmarket_001325,google_play,2025-03-25,다양한 가격에 스마일페이 U멤버 할인 좋아요,5,h******,지마켓
PLAY_gmarket_001326,google_play,2025-03-24,상품 설명은 안보이고 어플 설치만 보이니 황당하내,1,이********,지마켓
PLAY_gmarket_001329,google_play,2025-03-23,구매하기 너무 편해요!,5,k**********,지마켓
PLAY_gmarket_001332,google_play,2025-03-23,지마켓 10년 이상 사용한 사람으로서 최근 업데이트 후 페이지 들어가고 나갈때마다 시크릿쿠폰이라고 뜨면서 광고질 쳐하는거 매우 짜증남 오늘은 그만보기 같은 기능도 없어서 매번 닫아야하는데 어떤 놈 대가리에서 나온 건지 그 놈 때문에 꽤 많은 유저가 떠날 거라고 생각함.,1,G********,지마켓
PLAY_gmarket_001334,google_play,2025-03-23,쿠폰할인 좋아용 ~~,5,최**,지마켓
PLAY_gmarket_001335,google_play,2025-03-22,아주 좋아요. 앞으로 계속사용 할께요.,5,양**,지마켓
PLAY_gmarket_001337,google_play,2025-03-22,상품 정확하고 가성비 최고입니다.,5,H**********,지마켓
PLAY_gmarket_001339,google_play,2025-03-21,스마일페이 카드혜택이 좋았어요,5,신**,지마켓
PLAY_gmarket_001340,google_play,2025-03-21,오랜만에 방문하니 쿠폰을 줘서 좋았습니다.,5,I*****,지마켓
PLAY_gmarket_001341,google_play,2025-03-21,모든시스템이다편하고.가격도좋아서지마켓만이용해요.,5,이**,지마켓
PLAY_gmarket_001342,google_play,2025-03-20,쿠폰 좀 남발해 주뎨요..,3,칰***,지마켓
PLAY_gmarket_001343,google_play,2025-03-20,최저가 좋아요 할인쿠폰 받아서 구매하였습니다.😄,5,정**,지마켓
PLAY_gmarket_001344,google_play,2025-03-20,할인쿠폰이 많대서 오랜만에 들어가봤네요:),5,이**,지마켓
PLAY_gmarket_001346,google_play,2025-03-20,네이버에서 상품 검색&가격비교 해서 g마켓 들어가면 g마켓 메인페이지가 뜨고 상품으로 연결이 안되어 구매가 힘드네요. 왜이런거죠??,4,s******,지마켓
PLAY_gmarket_001347,google_play,2025-03-20,네~~저렴하기격에 구매해서만족했습니다.,5,박**,지마켓
PLAY_gmarket_001348,google_play,2025-03-19,저렴하게 잘 구입했습니다,5,진**,지마켓
PLAY_gmarket_001349,google_play,2025-03-19,좋은 상품 감사합니다,5,파*,지마켓
PLAY_gmarket_001350,google_play,2025-03-18,반품절차가 불만족. 환불이 더뎌요,1,박**,지마켓
PLAY_gmarket_001351,google_play,2025-03-18,지옥구 역대가는 커녕 역대급 가격대도 안나옴 상품권 살때 아니면 안옵니다,1,p*****,지마켓
PLAY_gmarket_001352,google_play,2025-03-18,빠르고 정확 편리합니다,5,송*,지마켓
PLAY_gmarket_001353,google_play,2025-03-18,왜 마이페이지가 안열리지 미치겠네 ㅋㅋㅋ,1,비**,지마켓
PLAY_gmarket_001354,google_play,2025-03-17,빠르고좋은 물건입니다.,5,김**,지마켓
PLAY_gmarket_001355,google_play,2025-03-17,대가의 상품가격이 합리적이라 판단되어 신뢰 합니다.,4,미**,지마켓
PLAY_gmarket_001356,google_play,2025-03-17,제품만을 공급하는 g마켓을 늘 사용하고 있습니다.,5,이**,지마켓
PLAY_gmarket_001358,google_play,2025-03-16,가격 싸게 주문했어요~ 물건도 좋았으면 좋겠어요 ~감사합니다 ~^^,4,y****,지마켓
PLAY_gmarket_001359,google_play,2025-03-16,"주문,취소 신청시 신속하고 신뢰가 있습니다",5,최**,지마켓
PLAY_gmarket_001360,google_play,2025-03-16,좋아요 빠른 배송. 무거운데. 터치만으로 배송되니 할인도받고 좋네요 거기에 무료배송 굿입니다,5,이**,지마켓
PLAY_gmarket_001361,google_play,2025-03-16,할인이벤트좀 많이해라,3,신**,지마켓
PLAY_gmarket_001362,google_play,2025-03-16,포인트 제휴전환 기능이 있어 사용하기 편리합니다,5,백**,지마켓
PLAY_gmarket_001363,google_play,2025-03-16,늘 좋은 가격에 이용 하고 있어요 감사합니다,5,파**,지마켓
PLAY_gmarket_001364,google_play,2025-03-16,링크복사를하면 제품이아닌 메인페이지가떠서답답해요,1,정*,지마켓
PLAY_gmarket_001365,google_play,2025-03-15,제품 저렴하고 너무 좋아요 ~ 굳굳굳,5,조**,지마켓
PLAY_gmarket_001367,google_play,2025-03-15,"소비자 중심이 아닌 판매자 우대하는 앱인듯 합니다. 블랙데이.빅세일 등등 이벤트 자주는 하는데 이벤트 없을때보다 이벤트 할때 더 비쌉니다. 같은물품인데도 검색조건에 따라 30일내 최저가가 수도없이 뜹니다. 쿠팡처럼 특정 판매처 상단노출 해주는건 아닌지 의심스럽습니다. 무료배송이라 함은 싸게 해주면서 서비스차원에서 해 주던것이었는데, 무료배송이라 저렴한척 위장하고 실질적으로는 배송비 있는 물품이 더 저렴한것이 대부분 많아짐. 또한 상세페이지에 글씨 몇개 넣고 빼고 하는것에도 소비자들에게 책임전가하기 좋게 해놨으니 세밀하게 읽어봐야 호갱 안된다는것. 시간없어 온라인 쇼핑몰 이용하는데 것을 노리고 대충보고 무료배송만 검색한다는것을 악용해서 판매하는 것이 지마켓의 장난인지 아니면 쓰레기 판매처들이 많이 생겼는지 소비자들 농락해서 이득취하려는 판매처들이 너무너무 많습니다. 고객센터에 수십번 건의해도 수정은 하나도 안되니 소비자들 본인이 꼼꼼히 읽어보시고 구입하시길. 단지 시간이 오래걸립니다.",1,왕*,지마켓
PLAY_gmarket_001368,google_play,2025-03-15,쿠팡보다 싸고 배송기간도 적당해요.,5,진**,지마켓
PLAY_gmarket_001369,google_play,2025-03-14,늘 쓰는 제품이라 좋아요~!!,5,김**,지마켓
PLAY_gmarket_001370,google_play,2025-03-14,"편하고,서비스 좋고 유용하게 잘 쓰고 있어요.",5,김**,지마켓
PLAY_gmarket_001371,google_play,2025-03-14,"이틀 동안 판매자에 의한 구매 취소만 다섯번 당했습니다. 재고도 없는 상품을 올려놓고 없으니까 취소한다는 건 부지기수고, 가격이 올랐으니 더 비싸게 판답시고 취소하는 일도 잦습니다. 더 악질인건 이런 업자들을 제재할 생각도 관심도 없는 지마켓이겠지요. 심지어 타사 인터넷 쇼핑몰에 비하면 가격도 비싼 주제에 뿌리는 쿠폰 받아봐야 타사 쇼핑몰 할인 없는 원가도 쫓아가지 못 합니다. 빅세일 이벤트라고 전날 가격 뻥튀기 해놓고 할인율 30퍼 먹였다 사기치는 걸 숨길 생각도 안 하구요. 가격도 비싸면서 이용자 대우도 나쁘고, 관리도 안 하는 이 쇼핑몰을 이용할 가치가 어디에 있는가 싶습니다. 이용자들한테 떼먹고 악질 업자들 지원하는 인터넷 쇼핑몰입니다. 이용하지 마십쇼.",1,김**,지마켓
PLAY_gmarket_001372,google_play,2025-03-13,가장 저렴하게 구입할 수 있는 샵입니다.,5,가**,지마켓
PLAY_gmarket_001375,google_play,2025-03-12,이벤트 좀 많이 해주세요. 어플 매일 접속해서 놀고 있습니다.ㅋ,5,강**,지마켓
PLAY_gmarket_001376,google_play,2025-03-12,다양한 할인에 물건도 무척많고 쇼핑할맛납니다~ㅎ,5,최**,지마켓
PLAY_gmarket_001377,google_play,2025-03-12,다양한 상품과 할인이 팡팡 터져요!,5,한**,지마켓
PLAY_gmarket_001378,google_play,2025-03-12,할인도 기분 좋게 해 주네요,5,최**,지마켓
PLAY_gmarket_001380,google_play,2025-03-11,책을 싸게살수 있어요.,5,윤**,지마켓
PLAY_gmarket_001382,google_play,2025-03-11,편리함 쵝오 예요. ^^.,5,강**,지마켓
PLAY_gmarket_001384,google_play,2025-03-10,최저가 찾아주는 거 좋네요. 덕분에 만원 아꼈어요.,4,J*********,지마켓
PLAY_gmarket_001385,google_play,2025-03-10,저렴한 가격정책과 신뢰성 있는 유통에 감사합니다.,5,G*****,지마켓
PLAY_gmarket_001388,google_play,2025-03-09,로그인 자주 풀림. 로그인 하려니 이중 보안 해놔서 인증 문자 받아야 됨. 며칠째 인증 시도 하는 중인데 문자가 죽어도 안와서 로그인도 못하고 있음,1,정*****,지마켓
PLAY_gmarket_001390,google_play,2025-03-09,굿~~빠른배송 저렴한 가격,5,박**,지마켓
PLAY_gmarket_001392,google_play,2025-03-07,타 사이트보다 저렴하게 구입했습니다ㆍ,5,홍**,지마켓
PLAY_gmarket_001393,google_play,2025-03-07,온라인 최저가로 잘 구매했습니다!,5,w*********,지마켓
PLAY_gmarket_001395,google_play,2025-03-06,스마일클럽 가입해서 이용한지도 5년이 넘었는데 포인트도 소소하게 쌓이고 좋아요 ㅋㅋㅋ 빅스마일데이 아니라도 싸게 구입하는게 더러 있고 스타배송?인가 시켜봤는데 쌀 같은 것도 다음날 도착하고해서 급할때 유용해요,5,밍**,지마켓
PLAY_gmarket_001399,google_play,2025-03-05,마음레 드는 오픈마켓,5,H**********,지마켓
PLAY_gmarket_001400,google_play,2025-03-05,최고예요 지마켙도 빠른 배송됩니다,5,최**,지마켓
PLAY_gmarket_001401,google_play,2025-03-05,저렴한것 같아요 감사합니다 다음을 예약하고 싶은 가격입니다,5,장**,지마켓
PLAY_gmarket_001402,google_play,2025-03-05,생각보다 물건이 저렴해서 좋아요 자주애용 중,5,J******,지마켓
PLAY_gmarket_001408,google_play,2025-03-02,스마일페이는 사랑.쿠폰도많이줘서좋음요,5,조**,지마켓
PLAY_gmarket_001411,google_play,2025-03-01,메뉴가 간결하고 좋 아요.,5,B**********,지마켓
PLAY_gmarket_001412,google_play,2025-03-01,자세하게 잘 검색할 수 있어서 좋아요!!!,5,이**,지마켓
PLAY_gmarket_001413,google_play,2025-02-28,사이즈 틀려 반품처리했는데 관리 잘하시네요.,5,김**,지마켓
PLAY_gmarket_001417,google_play,2025-02-27,아니....ST앱 파인드랑 블투 켜져있다고 멈추는건 처음이네요,2,C************,지마켓
PLAY_gmarket_001419,google_play,2025-02-26,가격순정렬도안되고사지말란소리네요,1,E**,지마켓
PLAY_gmarket_001422,google_play,2025-02-26,쿠폰 팝업이 너무 자주 떠서 쇼핑을 방해하는 수준입니다.,1,정**,지마켓
PLAY_gmarket_001425,google_play,2025-02-24,마음이 들어요 13년동안 G마켓만 사용했습니다 .,5,H********,지마켓
PLAY_gmarket_001427,google_play,2025-02-24,좋습니다.잘 이용하겠습니다.,5,김**,지마켓
PLAY_gmarket_001428,google_play,2025-02-24,혜택 많고 품질 좋습니다,5,내**,지마켓
PLAY_gmarket_001430,google_play,2025-02-24,와 진짜 새 페이지 진입할 때마다 쿠폰 팝업 띄우는 거 미쳤네 이제 질려서 안 쓰게 됨 예전에는 지마켓에서 먼저 검색했는데 지금은 팝업 때문에 너무 불편해서 다른 쇼핑앱 씀,1,정*,지마켓
PLAY_gmarket_001432,google_play,2025-02-24,툭하면 아래에서 올라오는 쿠폰 강제 노출창 때문에 삭제 합니다 뭔 장난하는것도 아니고 매 클릭시 마다 올라오니 짜증 그 자체네요,1,D******,지마켓
PLAY_gmarket_001434,google_play,2025-02-23,쿠폰도 많이주고 좋아요,4,허**,지마켓
PLAY_gmarket_001435,google_play,2025-02-23,쿠폰도 다양하고 깔끔한 주문 스타일,4,M***********************,지마켓
PLAY_gmarket_001436,google_play,2025-02-23,다른 앱 비하면 지마켓 제일 편리해요~ 쿠폰도 이벤트도 많아서 쇼핑하기 너무 좋아요^^,5,F**************,지마켓
PLAY_gmarket_001437,google_play,2025-02-23,깜짝!리뷰 놓치지마세요ㅋㅋㅋㅋ . 깜짝 쿠폰 팝업 자꾸뜨는데 진짜 짜증 그냥 주지말던가 끌수있는 기능이라도 넣어주시죠 접속할때마다 잘못해서 누르기라도하면 낚시태그처럼 끌려가서 광고봐야하는데 진짜 앱 쓰기 싫어짐,1,신**,지마켓
PLAY_gmarket_001438,google_play,2025-02-22,어떻게 ui 사용성이 날이 갈수록 퇴화하는지 이해할 수가 없네... 스크롤 내리고 잡을 때 제깍제깍 응답하는게 아니고 힘없는 고무줄 잡듯이 애매하게 서는데 버퍼링 잇는 느낌; 어유 진짜 다른 어플 절반이라도 따라갔으면 좋겠음,1,A**,지마켓
PLAY_gmarket_001439,google_play,2025-02-21,배송도 빠르고 제품 품질이 넘 좋아요,5,ᄋ*,지마켓
PLAY_gmarket_001441,google_play,2025-02-21,"●쿠폰광고팝업창 진짜 징그럽게 계속 쳐띄우네🤬🤬🤬페이지 넘길때마다 뒤로가기 할때마다 쿠폰다운 광고팝업창을 종류별로 실시간으로 계속 쳐 띄워대서 쇼핑은 커녕 앱사용 자체가 불가한 수준임.오늘하루창닫기 버튼조차도 아예없어서 쿠폰 억지로 다운받고 나서도 광고창 하루종일 계속 쳐띄움ㅋㅋㅋ●더 가관인건 ☎️1566-5701 고객센터에 이거 문제있다 말씀드리니 담당부서란곳의 답변이 요약하면 ""우리도 광고해야 하니 불편해도 니가 그냥 참고 써라"" 였음ㅋㅋㅋㅋ이게 고객센터에서 할소리냐??돌은거임???●문의게시판도 고객들이 문의못하게 꽁꽁 쳐 숨겨놨다가 고객들한테 뚜드려맞고 다시 만들었다더니 여전히 찾기 어렵게 숨겨놓음. 신세계로 넘어가더니 완전 대놓고 댕야ㅇ아치짓 하네 이거ㅋㅋㅋㅋㅋ여기 전산부서 진짜 제정신인가 싶음",1,G********,지마켓
PLAY_gmarket_001443,google_play,2025-02-21,고객관리를 잘 하세요,5,토**,지마켓
PLAY_gmarket_001444,google_play,2025-02-19,새로워진 지마켓 할인도 다양하고 좋네요,5,K**************,지마켓
PLAY_gmarket_001445,google_play,2025-02-19,맏고 사용합니다^^,5,D*********,지마켓
PLAY_gmarket_001446,google_play,2025-02-18,상품평을 못쓰게 막은이유가 뭘까,1,강**,지마켓
PLAY_gmarket_001447,google_play,2025-02-18,"마이메뉴 진입때마다 팝업창 징그럽게 뜸, 상품 검색후 상품유형 해외직구 제외 체크하면 적용되지만 해외배송은 제외안됨, 원산지 표시 상세설명이라 하지만 설명에는 원산지 표시없는게 수두룩 엄청많음, 가격 올려놓고 1년내내 할인? 쿠폰 적용 예상하고 가격은 이미 올린.......",1,저****,지마켓
PLAY_gmarket_001449,google_play,2025-02-18,가격 착하고 배송도 빠르고 좋네요 최근 ㅋㅍ 지연으로 지마켓 써봤는데 더 좋네요 자주 써야겠어요,5,g****,지마켓
PLAY_gmarket_001450,google_play,2025-02-18,결제가 불편해요ㅜ 체크카드범위가낮네요,3,박***********,지마켓
PLAY_gmarket_001452,google_play,2025-02-18,너무좋은물것 싸게잘샀어요.,5,유**,지마켓
PLAY_gmarket_001455,google_play,2025-02-17,지마트 아주 좋아요,5,남**,지마켓
PLAY_gmarket_001456,google_play,2025-02-17,깨끗하고 신선하였습니다 역시 통영굴~~~,5,정**,지마켓
PLAY_gmarket_001457,google_play,2025-02-17,팝업좀 그만 띄워요!!!,1,D*****,지마켓
PLAY_gmarket_001459,google_play,2025-02-16,저렴하게 잘샀어요.,5,J******,지마켓
PLAY_gmarket_001460,google_play,2025-02-16,잘쓸께요 감사합니다,4,한**,지마켓
PLAY_gmarket_001461,google_play,2025-02-16,g마켓 상품도좋고 배송도 빨라요~~~ 감사해요~~~~,5,소**,지마켓
PLAY_gmarket_001463,google_play,2025-02-15,아 짜증나네 좀 팝업 쿠폰알람좀 안뜨도록 설정을 만들던가 빈도를 낮추던가 뭔놈의 탭을 옮길때마다뜨고 상시가격을 할인하는거마냥 시크릿쿠폰이랍시고 준다는거냐고요,1,D**,지마켓
PLAY_gmarket_001464,google_play,2025-02-15,포인트 주기 싫으면 그냥 싫다고 하세요. 문제는 무슨 3개씩 풀게 만드네,3,N********,지마켓
PLAY_gmarket_001465,google_play,2025-02-15,사용하기 아주 편합니다 자주 이용하고 있어요,5,홍**,지마켓
PLAY_gmarket_001467,google_play,2025-02-15,아주 편해요. 상품도 다양하고요.,5,정*,지마켓
PLAY_gmarket_001469,google_play,2025-02-15,"반품,교환 너무 불편 다 판매자랑 직접 G마켓 노터치 💩💩",2,D**********,지마켓
PLAY_gmarket_001470,google_play,2025-02-14,다나와 최저가 대부분 여기인데 들어가보면 뭐시지 저시기 조건 다따지고 대통령 표창 정도 받아야 보고들어온 최저가에 구매 가능 ㅋㅋㅋ 이정도면 사기 아닌가? 원래 가격을 적어놔야지 이렇게 어그로를 끄네 ㅋㅋ 쿠팡이 훨씬 싸네 ㅋㅋ 쿠팡한테 밀리고 퇴물되서 어떻게든 해볼라고 ㅋㅋ,1,이**,지마켓
PLAY_gmarket_001474,google_play,2025-02-13,구글 계정 로그인 삭제하여습니다 구글 플레이 로그인 하였으나 로그인 되지안아 삭제하였습니다 이병두,1,이**,지마켓
PLAY_gmarket_001477,google_play,2025-02-13,예전에 G마켓에 실망을 많이 해서 이용 안하다가 요즘은 고객위주로 많이 변화된것 같아요. 좋은변화 감사드리며 자주 이용해 보겠습니다~,5,D********,지마켓
PLAY_gmarket_001478,google_play,2025-02-13,포털에서 검색해서 들어오면 찾을수가없네.. 쿠팡은 바로 되더만...,1,J******,지마켓
PLAY_gmarket_001479,google_play,2025-02-13,손가락 까딱거리면 티겟이... 편안한 세상에 살고있어요,5,l*******,지마켓
PLAY_gmarket_001480,google_play,2025-02-13,지마켓만 이용하는데 좋아요~~,5,임**,지마켓
PLAY_gmarket_001484,google_play,2025-02-11,대만족입니다 대만족입니다,5,정**,지마켓
PLAY_gmarket_001485,google_play,2025-02-11,"구설수 없는 지마켓이 제일 좋아요~ 믿고 애용합니다, 앞으로도 철저한 보안 지켜주세요~",5,H************,지마켓
PLAY_gmarket_001491,google_play,2025-02-10,비밀번호 강제로 바꾸라는것 때메 짜증난다고 했더니 여기서 고객센터로 전화하라고 하길래 해봤더니. 어쩔수 없다고 하는건 뭐임??? 사람 열받게 할려고 작정한건가요??? 와..ㅋㅋㅋ 같은답변..ㅋㅋㅋ 안 읽는구나???? 답변을 복붙 하나요? ㅋㅋㅋㅋㅋㅋ,1,신*,지마켓
PLAY_gmarket_001493,google_play,2025-02-10,요즘 쿠폰줘서 사용잘하고있습니다.,5,C******,지마켓
PLAY_gmarket_001495,google_play,2025-02-09,택배배송이라 배송은 쿠팡보다 느리지만 쿠팡보다 품질좋은 제품군에 따라 (가구류 비닐류 주방용품 등등) 들이 많아 가끔 이용하고 있어요 가끔 세일 쿠폰도 주고 좋아요 ~,5,성*,지마켓
PLAY_gmarket_001497,google_play,2025-02-09,가성비 좋은 상품 좋아요,5,신**,지마켓
PLAY_gmarket_001498,google_play,2025-02-09,"편리하게 이용할 수 있어서, 항상 감사합니다.",5,유**,지마켓
PLAY_gmarket_001499,google_play,2025-02-09,씨티카드 일반 결제가 안되네요,1,안**,지마켓
